Id,Price
11001,464044.62
11002,1001332.0
11003,1423784.8
11004,2488175.8
11005,2764719.0
11006,2506639.8
11007,2950725.5
11008,2329432.8
11009,468325.25
11010,1151099.2
11011,3402548.2
11012,1204771.9
11013,1579443.1
11014,1829566.6
11015,818477.3
11016,961316.9
11017,2026808.4
11018,274741.7
11019,675982.2
11020,435094.0
11021,556261.44
11022,657754.6
11023,399604.7
11024,439526.62
11025,1344403.0
11026,2802174.5
11027,981714.44
11028,415052.7
11029,817892.6
11030,1674826.8
11031,688656.5
11032,628345.7
11033,1133533.0
11034,1176434.4
11035,836940.4
11036,311540.94
11037,668857.75
11038,930307.2
11039,858679.3
11040,744819.44
11041,2224708.2
11042,309604.88
11043,926334.8
11044,329351.0
11045,662055.75
11046,652534.06
11047,1071373.0
11048,787554.0
11049,2300841.8
11050,1258934.4
11051,353835.7
11052,621283.75
11053,1980864.9
11054,964063.44
11055,156928.02
11056,1846008.2
11057,452936.62
11058,1254376.2
11059,375927.12
11060,928601.56
11061,170571.45
11062,807754.0
11063,1897437.6
11064,524607.0
11065,862765.2
11066,417946.88
11067,2657532.2
11068,963633.8
11069,695789.75
11070,1542012.4
11071,1426716.0
11072,2227012.8
11073,618928.8
11074,2131396.5
11075,728541.5
11076,716121.25
11077,329591.5
11078,240747.89
11079,823241.5
11080,2544326.8
11081,486064.56
11082,532361.5
11083,1218373.9
11084,435224.12
11085,451653.56
11086,141388.39
11087,652660.5
11088,223838.64
11089,925028.9
11090,655181.25
11091,2105912.2
11092,2457022.0
11093,181944.7
11094,2685924.8
11095,619690.06
11096,523851.88
11097,711241.0
11098,1040013.0
11099,1355625.5
11100,2497395.5
11101,849256.5
11102,692512.7
11103,426275.3
11104,924217.9
11105,408760.88
11106,726342.2
11107,3508525.5
11108,451407.62
11109,1870947.9
11110,285722.62
11111,447745.25
11112,289611.8
11113,1581367.8
11114,4622094.0
11115,527441.56
11116,119665.89
11117,478813.44
11118,471720.56
11119,1947838.6
11120,922401.3
11121,1644010.4
11122,660945.8
11123,276894.38
11124,1552144.9
11125,844166.0
11126,360037.38
11127,659930.8
11128,563605.44
11129,1944751.0
11130,2211640.5
11131,626952.5
11132,803262.75
11133,364880.94
11134,2571837.8
11135,1184903.1
11136,323844.0
11137,374721.88
11138,1116275.5
11139,464620.62
11140,2609249.2
11141,1729021.4
11142,1131440.2
11143,877602.0
11144,2386166.2
11145,584326.6
11146,933237.0
11147,1082403.2
11148,1220930.5
11149,1043343.94
11150,971719.8
11151,894725.6
11152,1433816.9
11153,2859283.2
11154,1589396.4
11155,1446362.1
11156,875288.9
11157,187853.64
11158,933789.5
11159,879767.75
11160,722942.5
11161,632876.4
11162,1268271.9
11163,634271.8
11164,1442588.5
11165,980978.44
11166,2372182.0
11167,225303.02
11168,910689.3
11169,933325.6
11170,710281.06
11171,1687362.4
11172,1158934.5
11173,934624.5
11174,1674381.4
11175,457844.44
11176,821569.0
11177,538391.25
11178,2332954.0
11179,1022934.44
11180,1333063.0
11181,581299.7
11182,1758786.2
11183,894492.56
11184,378076.3
11185,471864.25
11186,1395802.8
11187,227646.52
11188,760507.7
11189,608450.0
11190,704570.1
11191,866651.44
11192,887501.9
11193,1774872.6
11194,871082.2
11195,491216.62
11196,414985.56
11197,735055.5
11198,3295879.2
11199,445701.7
11200,462832.5
11201,585386.25
11202,822521.9
11203,1506940.1
11204,1130544.5
11205,487973.3
11206,695187.8
11207,1512345.2
11208,1156681.6
11209,877088.3
11210,800576.0
11211,1486706.9
11212,546527.9
11213,1580458.1
11214,1463002.4
11215,389195.8
11216,1679404.6
11217,1372609.9
11218,333958.56
11219,337270.0
11220,345992.44
11221,2011474.6
11222,938728.5
11223,967846.6
11224,627872.9
11225,390291.7
11226,438090.7
11227,578413.9
11228,2324195.2
11229,1225498.2
11230,1170524.0
11231,1499688.4
11232,865686.4
11233,919839.5
11234,524226.06
11235,1470787.5
11236,2984360.5
11237,577887.6
11238,293879.62
11239,1472671.6
11240,586831.7
11241,1800176.0
11242,902040.9
11243,901976.75
11244,1087221.9
11245,4848746.0
11246,426241.62
11247,1766367.5
11248,1517300.9
11249,181537.14
11250,1430396.8
11251,492756.25
11252,556229.56
11253,914800.6
11254,556174.9
11255,1848907.2
11256,802222.56
11257,655783.56
11258,1443212.8
11259,318725.06
11260,1955021.6
11261,683600.1
11262,276704.62
11263,1461355.0
11264,789025.44
11265,136224.33
11266,753697.94
11267,465633.38
11268,435497.06
11269,1353382.6
11270,917945.4
11271,560654.3
11272,715621.5
11273,618363.0
11274,725201.06
11275,1931856.5
11276,388603.06
11277,431316.12
11278,1454151.0
11279,461900.75
11280,892633.75
11281,1577693.8
11282,1519796.2
11283,905848.2
11284,1597159.4
11285,984518.44
11286,493514.44
11287,625537.0
11288,537516.3
11289,377199.12
11290,197604.39
11291,671367.94
11292,829186.9
11293,1891550.5
11294,1734230.6
11295,678650.3
11296,981002.7
11297,708616.1
11298,426802.3
11299,1868103.5
11300,293106.88
11301,790626.8
11302,1549793.8
11303,215207.7
11304,1976753.2
11305,1419110.4
11306,1893489.6
11307,113436.39
11308,862409.2
11309,631912.94
11310,934317.3
11311,675655.25
11312,847251.4
11313,516184.3
11314,742009.0
11315,581301.2
11316,882583.75
11317,737123.75
11318,1058051.9
11319,1559191.5
11320,1490047.9
11321,1126320.0
11322,3557922.8
11323,812342.2
11324,1052481.6
11325,865216.0
11326,1485813.5
11327,289299.8
11328,729483.25
11329,642128.94
11330,663685.6
11331,1009050.9
11332,307568.62
11333,1092348.2
11334,965083.25
11335,2620933.8
11336,1603100.5
11337,549625.44
11338,1408267.4
11339,747307.1
11340,1211838.0
11341,1727546.0
11342,828315.56
11343,1087030.8
11344,969763.0
11345,180672.33
11346,2667416.0
11347,409342.12
11348,1779540.5
11349,637694.06
11350,1552587.0
11351,509899.2
11352,415771.44
11353,799669.25
11354,1198827.9
11355,882337.7
11356,936403.56
11357,529019.1
11358,1874012.1
11359,327572.2
11360,830459.0
11361,317865.75
11362,925661.4
11363,2447656.0
11364,139193.14
11365,861292.1
11366,1332562.2
11367,921088.44
11368,926518.06
11369,378366.75
11370,1241588.4
11371,395232.75
11372,2091458.8
11373,1978665.8
11374,634926.0
11375,766412.3
11376,488424.7
11377,1614824.4
11378,1163983.1
11379,919131.3
11380,113040.016
11381,1377075.9
11382,210669.14
11383,915576.06
11384,670129.94
11385,447905.44
11386,1342894.9
11387,1585149.5
11388,1219061.4
11389,542132.44
11390,1514813.0
11391,872686.4
11392,1081406.8
11393,229476.58
11394,678166.94
11395,776917.1
11396,1123787.5
11397,891209.75
11398,1133813.2
11399,920423.2
11400,579664.2
11401,1908368.5
11402,1330399.2
11403,229851.7
11404,1110383.4
11405,614317.3
11406,764298.0
11407,1512859.4
11408,1922520.9
11409,531316.44
11410,275973.12
11411,1974106.5
11412,1162584.4
11413,1952747.8
11414,694726.5
11415,1819268.1
11416,1449040.5
11417,1423264.9
11418,1411809.0
11419,922899.44
11420,2093412.8
11421,430892.06
11422,235987.02
11423,1082114.9
11424,668220.94
11425,230593.33
11426,667507.1
11427,654059.94
11428,1062227.5
11429,488180.88
11430,797248.06
11431,1218648.6
11432,432526.44
11433,1078916.8
11434,2221276.5
11435,1634620.6
11436,676601.56
11437,1001734.7
11438,76011.64
11439,2138820.0
11440,4557082.0
11441,103990.58
11442,1193343.2
11443,1408352.9
11444,333309.44
11445,371432.25
11446,2309102.0
11447,41074.516
11448,741597.3
11449,686867.8
11450,221372.83
11451,1019774.5
11452,1612938.8
11453,159939.95
11454,210248.2
11455,1811125.1
11456,152778.39
11457,576876.7
11458,945836.94
11459,631380.8
11460,1560881.6
11461,704372.2
11462,466251.56
11463,801513.56
11464,932575.75
11465,2233073.2
11466,126439.83
11467,871185.75
11468,188841.64
11469,2016976.9
11470,2123786.0
11471,2440274.8
11472,2473075.8
11473,71947.45
11474,1610980.5
11475,803410.1
11476,1923203.2
11477,1039902.5
11478,423486.7
11479,1507989.1
11480,1729276.0
11481,270396.0
11482,1154211.1
11483,2524180.5
11484,1427385.1
11485,313604.62
11486,1017346.0
11487,739738.75
11488,366327.12
11489,1844908.2
11490,507252.56
11491,767566.56
11492,1909919.6
11493,884109.0
11494,2678456.2
11495,1583229.1
11496,1775474.6
11497,695866.2
11498,254126.45
11499,486360.25
11500,2177312.2
11501,482319.38
11502,1803298.4
11503,538385.1
11504,148401.2
11505,591436.1
11506,773563.94
11507,616563.3
11508,1902822.8
11509,665310.3
11510,1178258.5
11511,984589.0
11512,1977580.0
11513,546072.5
11514,305687.12
11515,153291.64
11516,871381.06
11517,1146848.9
11518,2737538.2
11519,622125.7
11520,760409.06
11521,4134652.2
11522,1218282.1
11523,1074397.4
11524,604773.5
11525,98139.14
11526,619483.75
11527,421427.94
11528,668780.25
11529,898002.06
11530,845059.1
11531,249410.33
11532,847289.1
11533,241793.33
11534,207944.08
11535,524808.3
11536,1569625.1
11537,407783.62
11538,555434.06
11539,399368.5
11540,979272.6
11541,651352.56
11542,1585572.4
11543,931014.0
11544,435488.3
11545,230707.77
11546,2924352.0
11547,893008.44
11548,1004587.44
11549,188995.08
11550,770282.5
11551,692999.4
11552,870168.7
11553,1658723.4
11554,1965282.6
11555,305009.2
11556,498539.2
11557,1586190.2
11558,547216.0
11559,409957.38
11560,1109478.0
11561,381526.5
11562,1429952.4
11563,449617.94
11564,309844.56
11565,456976.0
11566,873375.4
11567,1612603.1
11568,327506.2
11569,1580006.1
11570,257011.2
11571,533772.6
11572,1698374.4
11573,1121110.2
11574,1700713.5
11575,1316667.1
11576,178039.14
11577,335483.7
11578,1873083.6
11579,546718.1
11580,2679995.5
11581,553031.7
11582,446955.2
11583,1077407.1
11584,654275.1
11585,140410.83
11586,333461.2
11587,321160.38
11588,965619.44
11589,867246.9
11590,1480683.1
11591,371628.2
11592,173964.83
11593,1636728.5
11594,1124757.9
11595,1201998.6
11596,1199699.4
11597,2130184.2
11598,777077.75
11599,710827.9
11600,856244.7
11601,1362942.1
11602,1293622.0
11603,440648.7
11604,111738.33
11605,395732.75
11606,2571173.0
11607,716422.2
11608,1119350.8
11609,1631289.0
11610,866241.1
11611,1754325.9
11612,1513570.6
11613,973411.8
11614,3773191.8
11615,1088830.0
11616,838712.75
11617,979892.94
11618,1536458.6
11619,669395.25
11620,673529.06
11621,1516658.6
11622,1600940.1
11623,1384345.9
11624,625483.6
11625,1403997.9
11626,1369359.1
11627,2490520.0
11628,619935.3
11629,730642.2
11630,157664.2
11631,730887.25
11632,653819.5
11633,809377.1
11634,735485.3
11635,993130.44
11636,248770.33
11637,2153827.5
11638,1939474.9
11639,4767496.5
11640,1363559.0
11641,59182.83
11642,718290.56
11643,407303.8
11644,670938.56
11645,1116499.5
11646,1497535.1
11647,433030.62
11648,704362.25
11649,265178.7
11650,2079827.5
11651,584613.75
11652,1586844.9
11653,408109.44
11654,914739.75
11655,236447.02
11656,199125.83
11657,925258.56
11658,1369305.9
11659,1879462.2
11660,1337566.0
11661,2544176.8
11662,1842477.8
11663,896861.5
11664,1900365.6
11665,468769.12
11666,1476690.6
11667,1260123.4
11668,1796694.6
11669,2491108.0
11670,679110.94
11671,22452.64
11672,326952.0
11673,284639.75
11674,1019077.6
11675,504714.0
11676,198759.64
11677,193037.52
11678,1938055.2
11679,920956.1
11680,1985546.5
11681,540283.2
11682,1005058.25
11683,1024669.5
11684,594948.94
11685,629538.94
11686,669456.94
11687,1338970.9
11688,1394874.2
11689,881091.7
11690,914929.3
11691,880153.44
11692,98269.89
11693,619305.9
11694,604277.9
11695,346262.25
11696,1283486.4
11697,2784710.8
11698,489772.94
11699,1899159.9
11700,316969.06
11701,774693.4
11702,855345.8
11703,3597420.8
11704,1690453.8
11705,591702.2
11706,1844132.9
11707,1127465.0
11708,1708535.2
11709,1801699.1
11710,1010459.0
11711,946547.8
11712,1311166.2
11713,2549056.0
11714,966234.94
11715,4231546.0
11716,715602.56
11717,2757224.8
11718,569801.5
11719,423755.2
11720,948330.7
11721,2547125.0
11722,690328.06
11723,802935.6
11724,1411496.5
11725,117779.95
11726,855315.75
11727,899239.2
11728,1199699.4
11729,122565.33
11730,1238393.2
11731,315322.06
11732,1086981.4
11733,170944.7
11734,1659888.8
11735,596434.7
11736,151757.2
11737,859998.56
11738,3794820.2
11739,231653.7
11740,925107.94
11741,589643.1
11742,825342.25
11743,1845879.0
11744,1605375.2
11745,2362686.2
11746,1614962.2
11747,163516.45
11748,1465438.5
11749,380464.7
11750,452878.25
11751,1107239.0
11752,782678.4
11753,2242386.8
11754,2070455.2
11755,632168.25
11756,1197624.6
11757,1199518.2
11758,1059834.5
11759,769542.8
11760,440567.62
11761,749996.6
11762,2047141.4
11763,318677.38
11764,697256.9
11765,602815.9
11766,1782937.1
11767,837410.06
11768,2196515.2
11769,823427.6
11770,229642.2
11771,329518.75
11772,169100.95
11773,1941607.6
11774,381409.25
11775,960818.7
11776,2357965.2
11777,306756.3
11778,1285137.2
11779,898593.9
11780,638255.8
11781,1347356.0
11782,493999.56
11783,1079160.1
11784,1956825.8
11785,791426.0
11786,1297649.0
11787,1260333.2
11788,2409412.5
11789,466723.06
11790,896885.75
11791,665693.4
11792,742342.06
11793,672314.9
11794,442952.94
11795,1115985.6
11796,160514.77
11797,817333.25
11798,303625.0
11799,915283.56
11800,200914.02
11801,772401.0
11802,220640.89
11803,1192120.4
11804,1431719.2
11805,605026.06
11806,813322.7
11807,426434.5
11808,1732311.5
11809,924917.06
11810,1390720.6
11811,1299595.8
11812,921099.4
11813,656210.94
11814,412048.56
11815,1251701.8
11816,654252.56
11817,499871.8
11818,1161456.0
11819,907866.44
11820,1604366.8
11821,3166699.0
11822,1295466.5
11823,2532233.2
11824,1764007.0
11825,2232083.8
11826,1121387.4
11827,1289072.1
11828,599648.1
11829,972631.94
11830,1348522.4
11831,703183.2
11832,2106220.5
11833,645051.06
11834,423644.44
11835,1447377.0
11836,530424.5
11837,845667.7
11838,711296.44
11839,1691764.1
11840,278724.56
11841,1652110.4
11842,3833465.8
11843,1087645.1
11844,3452386.2
11845,885501.5
11846,1020936.8
11847,2522256.5
11848,1479945.9
11849,508942.7
11850,345116.94
11851,904076.56
11852,923383.4
11853,829410.56
11854,876085.8
11855,1257417.8
11856,407496.3
11857,1494789.5
11858,1407145.0
11859,409282.94
11860,1103852.0
11861,2052561.2
11862,3210903.2
11863,885060.8
11864,435377.44
11865,935921.56
11866,767851.75
11867,890551.5
11868,427923.06
11869,534273.5
11870,1654076.4
11871,2220970.2
11872,2134659.0
11873,475277.56
11874,793315.94
11875,645610.5
11876,3624027.0
11877,1085581.0
11878,1316323.8
11879,677560.2
11880,413441.3
11881,822220.25
11882,268885.0
11883,1891163.1
11884,427335.8
11885,905521.6
11886,792455.5
11887,623264.6
11888,638882.4
11889,604854.94
11890,2486514.8
11891,1254834.9
11892,1391884.1
11893,450239.3
11894,1498663.6
11895,922645.2
11896,892181.75
11897,863530.0
11898,643198.44
11899,1008671.44
11900,1242363.0
11901,1850048.6
11902,651576.44
11903,1922701.8
11904,662085.75
11905,925490.4
11906,2652877.0
11907,728987.6
11908,443624.3
11909,1150785.4
11910,956803.7
11911,2158678.8
11912,626321.56
11913,680910.75
11914,989040.06
11915,379659.94
11916,1430669.4
11917,665526.44
11918,483617.06
11919,925884.9
11920,1437807.6
11921,582628.4
11922,292338.5
11923,919131.3
11924,512716.62
11925,1018512.5
11926,948294.8
11927,358696.88
11928,378659.7
11929,1040941.8
11930,314204.5
11931,2138697.0
11932,1087506.5
11933,505958.3
11934,644239.44
11935,870194.3
11936,1187217.4
11937,1020545.1
11938,565654.7
11939,604773.5
11940,691687.5
11941,1353000.4
11942,1016786.94
11943,399774.8
11944,2037104.8
11945,1266415.1
11946,759553.7
11947,1064781.8
11948,437337.12
11949,438925.5
11950,2446512.5
11951,4036736.5
11952,2455397.8
11953,1110496.4
11954,1212723.6
11955,1488364.5
11956,787679.94
11957,344606.8
11958,954196.56
11959,981408.44
11960,264718.94
11961,2171643.5
11962,535733.6
11963,259693.2
11964,2118868.0
11965,362313.38
11966,401166.3
11967,1525637.5
11968,1968269.1
11969,1056843.9
11970,115729.64
11971,446222.25
11972,532875.25
11973,1530274.6
11974,1557589.9
11975,541623.25
11976,182481.58
11977,1757836.5
11978,2826894.8
11979,652046.06
11980,2281401.0
11981,1966667.6
11982,373159.62
11983,1953148.1
11984,544293.3
11985,398504.44
11986,1974487.6
11987,846769.2
11988,1401628.2
11989,1389787.4
11990,2684827.8
11991,334402.0
11992,320698.06
11993,903212.6
11994,743843.06
11995,1918497.8
11996,1769456.5
11997,1991027.8
11998,672632.7
11999,1991641.0
12000,191016.95
12001,1213055.6
12002,400729.88
12003,488567.0
12004,1149522.1
12005,679711.4
12006,3020576.2
12007,1175395.6
12008,96043.2
12009,791154.0
12010,932914.56
12011,3047436.5
12012,594449.6
12013,1480919.9
12014,355714.5
12015,1681231.4
12016,563241.5
12017,2816349.5
12018,552926.7
12019,476273.2
12020,1706860.5
12021,2089262.9
12022,243790.64
12023,4241127.5
12024,932698.94
12025,1562862.6
12026,510970.94
12027,3545918.2
12028,565945.75
12029,776975.0
12030,387076.06
12031,699579.0
12032,545081.3
12033,577524.44
12034,410083.62
12035,1920772.6
12036,2627602.8
12037,2347676.0
12038,665751.56
12039,1269969.5
12040,753086.8
12041,1735504.8
12042,1280321.0
12043,213017.95
12044,560114.94
12045,755101.94
12046,1781224.2
12047,694072.3
12048,763762.94
12049,634798.6
12050,388036.8
12051,1327880.4
12052,313667.5
12053,2348464.5
12054,2176948.0
12055,2025923.1
12056,635925.25
12057,655624.9
12058,755534.6
12059,164632.7
12060,950567.0
12061,600889.5
12062,878528.06
12063,478716.2
12064,571947.0
12065,936370.44
12066,104791.39
12067,1119443.0
12068,425082.38
12069,727723.94
12070,2016227.9
12071,1588266.2
12072,1113250.2
12073,726574.7
12074,924850.5
12075,622608.3
12076,1502580.2
12077,2868820.8
12078,265666.44
12079,432546.75
12080,655860.44
12081,1285869.8
12082,601819.4
12083,4090801.8
12084,1881660.0
12085,1321528.1
12086,757215.4
12087,400566.0
12088,462631.94
12089,3688561.2
12090,1478936.2
12091,593690.3
12092,1378424.2
12093,532567.7
12094,944355.6
12095,493249.5
12096,2266138.2
12097,89481.64
12098,4628661.5
12099,2725616.2
12100,677287.06
12101,743353.3
12102,2161564.5
12103,850311.94
12104,168637.95
12105,571326.3
12106,1452833.8
12107,1531414.8
12108,236579.08
12109,1924291.0
12110,714704.2
12111,744128.3
12112,411655.56
12113,426717.88
12114,590940.9
12115,967055.94
12116,916840.7
12117,2972842.2
12118,1747679.2
12119,904922.1
12120,1443746.6
12121,884153.44
12122,230972.2
12123,908567.7
12124,316245.38
12125,373383.94
12126,632297.9
12127,1689729.9
12128,1428967.8
12129,454014.25
12130,1223300.6
12131,1709652.4
12132,1884706.4
12133,2024577.8
12134,330985.0
12135,1422133.2
12136,1863194.6
12137,670429.3
12138,932940.9
12139,1179923.2
12140,585125.8
12141,1547933.2
12142,1491388.4
12143,2070223.5
12144,428107.5
12145,919533.75
12146,1837954.1
12147,440845.3
12148,1184407.2
12149,1002744.9
12150,1056485.1
12151,626583.6
12152,464490.0
12153,2415161.2
12154,319540.0
12155,366422.3
12156,824781.3
12157,1273754.9
12158,2888604.8
12159,1220169.9
12160,633077.9
12161,916822.75
12162,355745.2
12163,471847.56
12164,520677.0
12165,766235.75
12166,405645.56
12167,1147666.6
12168,462858.5
12169,1851288.9
12170,1585399.9
12171,541203.8
12172,513864.12
12173,1171995.5
12174,302484.56
12175,140204.64
12176,1479374.6
12177,515824.44
12178,2153490.5
12179,916702.3
12180,1934226.8
12181,1419808.5
12182,802443.3
12183,1933180.6
12184,703684.3
12185,604558.4
12186,2734494.5
12187,2191347.2
12188,542119.5
12189,477672.0
12190,406307.06
12191,2171706.5
12192,363294.5
12193,925915.44
12194,1382590.0
12195,2237780.5
12196,1100309.2
12197,1136005.2
12198,3003063.8
12199,2244640.0
12200,1516844.4
12201,3646978.5
12202,192488.45
12203,533272.7
12204,1084203.0
12205,1301788.8
12206,2085612.5
12207,1706984.5
12208,775867.0
12209,1222610.1
12210,2558175.8
12211,3082405.2
12212,653819.5
12213,795081.5
12214,1755548.4
12215,581623.0
12216,2116978.2
12217,1131452.9
12218,1173897.0
12219,3077794.0
12220,2196954.5
12221,2505824.0
12222,764359.3
12223,908889.3
12224,903983.44
12225,2212890.5
12226,431054.38
12227,1775041.1
12228,1006447.7
12229,900661.25
12230,4339353.5
12231,642137.0
12232,1130432.2
12233,1710725.8
12234,1169120.5
12235,1451630.8
12236,1657848.0
12237,852591.3
12238,768362.25
12239,1373050.0
12240,875870.0
12241,2116786.0
12242,2192475.0
12243,1349810.2
12244,345579.0
12245,1008013.25
12246,884199.7
12247,533869.44
12248,578843.3
12249,444383.38
12250,919839.5
12251,509429.12
12252,965068.7
12253,507300.62
12254,1881832.9
12255,426551.56
12256,687139.5
12257,928605.5
12258,866697.9
12259,373853.12
12260,150490.58
12261,2709603.0
12262,572658.0
12263,1178293.0
12264,618310.56
12265,585979.0
12266,619492.7
12267,929902.06
12268,237317.95
12269,441906.62
12270,1152841.0
12271,1048307.94
12272,606339.25
12273,2007500.6
12274,2792196.5
12275,890036.5
12276,262133.89
12277,1067660.6
12278,266233.7
12279,1278844.6
12280,440290.12
12281,2270981.5
12282,1474584.5
12283,539461.75
12284,368400.38
12285,1385594.1
12286,794688.3
12287,1753894.2
12288,681066.9
12289,644414.1
12290,285575.0
12291,1637846.4
12292,1053400.8
12293,874075.7
12294,2437134.8
12295,901034.1
12296,640321.1
12297,623957.8
12298,1198130.6
12299,797004.75
12300,156080.02
12301,641577.7
12302,345616.62
12303,601188.0
12304,323229.0
12305,616985.6
12306,922492.1
12307,481985.7
12308,1245677.2
12309,3058573.0
12310,677245.06
12311,760780.56
12312,722442.25
12313,565439.56
12314,1705352.4
12315,1162628.4
12316,1700196.6
12317,1138043.5
12318,1741578.2
12319,23453.766
12320,420041.75
12321,1211412.6
12322,510412.8
12323,729274.0
12324,381455.8
12325,1423141.0
12326,2320658.5
12327,893125.56
12328,913335.7
12329,975324.94
12330,1725228.0
12331,579503.4
12332,236675.58
12333,897871.25
12334,1477477.4
12335,1432987.4
12336,120594.83
12337,311923.75
12338,1133550.9
12339,1032616.94
12340,1278252.8
12341,845342.25
12342,331556.8
12343,1830732.1
12344,590887.6
12345,340982.44
12346,394173.25
12347,300918.44
12348,162482.52
12349,678343.0
12350,2029199.1
12351,1980231.1
12352,1202302.1
12353,2498044.5
12354,1337240.1
12355,3476384.8
12356,337343.5
12357,555608.75
12358,849580.56
12359,396033.7
12360,1355709.8
12361,592636.3
12362,2157895.2
12363,830765.8
12364,286602.25
12365,872643.4
12366,1071298.6
12367,457495.56
12368,327901.56
12369,352193.0
12370,1333124.6
12371,162318.95
12372,2275959.0
12373,734115.6
12374,433408.2
12375,2544520.8
12376,1353697.4
12377,610228.56
12378,1404958.1
12379,2088341.9
12380,1042242.1
12381,1115585.6
12382,918854.94
12383,446645.56
12384,798826.7
12385,1852942.4
12386,163717.27
12387,706129.75
12388,213811.83
12389,2447591.2
12390,2079831.2
12391,1233414.6
12392,97659.016
12393,1024290.94
12394,2070988.2
12395,832450.94
12396,1425717.2
12397,195953.45
12398,240687.2
12399,2456432.5
12400,1639263.6
12401,1134303.5
12402,568462.6
12403,420962.5
12404,1805695.8
12405,1351717.8
12406,673354.5
12407,886313.56
12408,612626.1
12409,1220549.6
12410,1347132.8
12411,917429.06
12412,436919.8
12413,1901119.2
12414,380011.06
12415,410148.2
12416,1764823.0
12417,251547.2
12418,779517.75
12419,4713426.5
12420,1077573.9
12421,1583991.8
12422,585229.0
12423,297920.12
12424,1053592.1
12425,190139.14
12426,1628525.9
12427,1064990.6
12428,2176990.8
12429,555081.2
12430,912370.2
12431,709570.3
12432,918784.5
12433,985974.6
12434,940602.75
12435,2144358.0
12436,665016.8
12437,4582742.5
12438,1328256.0
12439,254555.95
12440,336959.5
12441,1289971.0
12442,768407.9
12443,603674.75
12444,281473.62
12445,164187.58
12446,1484939.8
12447,408550.44
12448,532439.94
12449,412357.0
12450,398450.2
12451,1015461.0
12452,628245.9
12453,1761631.9
12454,1788842.0
12455,652142.7
12456,639199.75
12457,1162643.5
12458,1514116.8
12459,2006395.6
12460,1197454.2
12461,2672796.8
12462,534765.3
12463,403047.62
12464,279171.8
12465,325908.2
12466,1242528.6
12467,4159502.0
12468,672108.94
12469,1940669.6
12470,2652775.8
12471,1950593.2
12472,437555.75
12473,733715.7
12474,503171.12
12475,357957.0
12476,591774.94
12477,561206.2
12478,920652.3
12479,264562.94
12480,1869800.4
12481,973645.25
12482,1218705.4
12483,4777632.5
12484,760129.56
12485,384424.7
12486,1593020.2
12487,648625.06
12488,4493255.0
12489,1637094.4
12490,1419285.0
12491,642176.2
12492,414769.8
12493,7400431.5
12494,827823.3
12495,2014611.0
12496,1056361.0
12497,2980648.5
12498,2189658.8
12499,625107.1
12500,543409.7
12501,1939273.8
12502,492900.44
12503,1138668.5
12504,2273536.8
12505,125446.08
12506,1765217.9
12507,1011943.94
12508,3692321.5
12509,2371990.8
12510,559668.44
12511,929455.3
12512,130049.016
12513,503007.62
12514,689417.4
12515,917457.1
12516,676433.94
12517,858906.6
12518,974457.94
12519,1636425.6
12520,775274.6
12521,275740.75
12522,1021230.0
12523,621174.9
12524,810982.25
12525,245931.14
12526,540637.9
12527,311440.75
12528,1936854.4
12529,118607.266
12530,509906.88
12531,880972.25
12532,501019.5
12533,1348146.1
12534,1741269.5
12535,341911.88
12536,5640623.5
12537,966204.2
12538,1637538.1
12539,274825.75
12540,1040621.2
12541,606655.75
12542,871703.8
12543,1036697.1
12544,1128547.4
12545,1814737.6
12546,585651.75
12547,696589.9
12548,705194.44
12549,3061203.8
12550,181515.52
12551,1212584.8
12552,2217420.5
12553,366088.62
12554,357102.7
12555,1058014.8
12556,594422.1
12557,1456495.5
12558,332741.12
12559,934940.9
12560,2134964.2
12561,963212.56
12562,667363.6
12563,1266498.6
12564,1722313.2
12565,396719.38
12566,856416.8
12567,530024.9
12568,844122.4
12569,1907699.0
12570,839707.5
12571,824877.6
12572,1194150.6
12573,726885.0
12574,2814393.5
12575,1098743.2
12576,492025.75
12577,722503.0
12578,894335.3
12579,694014.8
12580,121656.95
12581,35423.516
12582,3804691.2
12583,275707.2
12584,702885.75
12585,256126.83
12586,2021288.6
12587,614104.75
12588,2624525.8
12589,287244.8
12590,812366.1
12591,1299277.0
12592,534344.2
12593,1267280.6
12594,802138.7
12595,189666.89
12596,595369.1
12597,2176487.2
12598,568793.0
12599,334777.8
12600,335949.38
12601,824674.94
12602,821476.5
12603,649440.6
12604,1075831.4
12605,719841.6
12606,771788.44
12607,1102063.5
12608,2237578.5
12609,1527207.5
12610,467635.3
12611,414062.38
12612,949095.9
12613,1318851.0
12614,492375.0
12615,1706480.9
12616,2403479.2
12617,1638388.0
12618,516471.75
12619,325576.56
12620,1194578.5
12621,374783.5
12622,1305256.1
12623,1224608.1
12624,252385.64
12625,649699.4
12626,991674.7
12627,1256435.5
12628,916377.44
12629,1938570.4
12630,623050.4
12631,1985088.8
12632,435924.62
12633,519065.7
12634,618682.6
12635,236690.08
12636,1116888.5
12637,214560.02
12638,416832.56
12639,3029848.2
12640,906013.06
12641,1210727.8
12642,798765.4
12643,1508944.5
12644,267243.44
12645,2623138.5
12646,615791.8
12647,1338916.8
12648,2101774.0
12649,1674715.9
12650,965618.6
12651,899983.7
12652,728509.6
12653,696290.06
12654,1053006.6
12655,210262.2
12656,904019.9
12657,657836.44
12658,1168067.2
12659,242223.7
12660,293147.25
12661,404933.06
12662,429489.88
12663,1953677.4
12664,2273147.2
12665,2042993.8
12666,1810840.9
12667,951903.8
12668,729358.94
12669,1167161.1
12670,1297715.9
12671,245680.77
12672,852319.3
12673,1498342.1
12674,882969.7
12675,1639973.1
12676,235694.02
12677,284640.88
12678,920992.8
12679,1013959.4
12680,2139100.8
12681,1263979.0
12682,605645.4
12683,1618890.2
12684,1533458.2
12685,223562.33
12686,622300.56
12687,393088.12
12688,896040.9
12689,267325.06
12690,386181.2
12691,1685584.8
12692,930630.25
12693,603405.06
12694,414104.0
12695,3828379.5
12696,878630.6
12697,85079.766
12698,1136043.4
12699,775061.94
12700,682950.1
12701,135790.52
12702,800906.2
12703,902768.5
12704,2727736.0
12705,276796.06
12706,3276996.0
12707,812048.94
12708,2420495.5
12709,551309.2
12710,1012174.7
12711,835174.6
12712,637494.8
12713,1769127.6
12714,410375.5
12715,181751.83
12716,281652.75
12717,790816.1
12718,548152.8
12719,1718302.9
12720,585955.56
12721,279594.8
12722,1778673.2
12723,550763.6
12724,1898991.0
12725,426726.5
12726,776098.25
12727,678600.9
12728,375671.2
12729,1529698.2
12730,590936.5
12731,973848.2
12732,1160942.9
12733,1293377.2
12734,1661111.4
12735,394169.06
12736,710224.6
12737,1697549.9
12738,1977436.6
12739,613643.75
12740,951077.94
12741,1343998.6
12742,1257091.4
12743,758590.56
12744,1267932.2
12745,3147226.5
12746,1524783.8
12747,751438.94
12748,856220.4
12749,168893.64
12750,238998.52
12751,891427.7
12752,1434300.0
12753,193765.77
12754,1574281.2
12755,564056.44
12756,1795457.6
12757,259631.58
12758,180501.2
12759,1264430.0
12760,704127.06
12761,1240367.8
12762,355419.75
12763,866700.6
12764,799039.4
12765,614468.2
12766,2116462.5
12767,1265073.9
12768,975880.4
12769,565638.1
12770,377637.75
12771,870951.25
12772,2980649.8
12773,773196.2
12774,2068514.9
12775,382725.25
12776,521545.56
12777,247509.83
12778,1744298.0
12779,1254682.1
12780,612472.44
12781,439229.2
12782,607580.6
12783,403792.12
12784,217492.27
12785,2007902.8
12786,386632.75
12787,927125.4
12788,329244.25
12789,1528588.5
12790,551550.44
12791,826691.4
12792,1717893.4
12793,530535.94
12794,797633.3
12795,3498410.5
12796,1572638.0
12797,1353501.1
12798,262429.5
12799,1619385.8
12800,548743.4
12801,1146697.1
12802,704322.9
12803,825816.44
12804,1412944.2
12805,1167527.0
12806,995382.7
12807,1585964.2
12808,1462053.9
12809,1034289.44
12810,60416.266
12811,875721.44
12812,120624.83
12813,173200.77
12814,335391.56
12815,603607.94
12816,719738.56
12817,1210798.4
12818,627370.7
12819,657465.06
12820,889315.75
12821,1901783.4
12822,1430793.2
12823,2394369.5
12824,2508042.0
12825,1756471.2
12826,1691798.6
12827,1841341.1
12828,950950.94
12829,1288859.6
12830,2657667.0
12831,396261.88
12832,525930.7
12833,880960.94
12834,1884192.6
12835,1216320.5
12836,538642.0
12837,1706064.2
12838,750833.6
12839,246494.27
12840,501171.75
12841,706695.4
12842,441653.5
12843,682260.94
12844,585767.06
12845,425308.88
12846,515045.0
12847,429108.44
12848,1564128.5
12849,407493.8
12850,1063459.4
12851,658837.0
12852,1345527.9
12853,752423.25
12854,827460.3
12855,618110.56
12856,1208301.6
12857,378401.88
12858,236539.89
12859,999230.75
12860,449890.62
12861,2456453.0
12862,1314964.8
12863,332453.56
12864,418046.0
12865,1091058.8
12866,426855.06
12867,407321.56
12868,291463.8
12869,3130881.2
12870,1753668.6
12871,441367.3
12872,912301.8
12873,1905038.9
12874,641550.56
12875,622176.44
12876,895450.7
12877,1599655.9
12878,214991.52
12879,1351162.6
12880,354261.25
12881,399843.88
12882,569087.3
12883,1083048.1
12884,1909317.2
12885,445955.0
12886,1281176.5
12887,918247.56
12888,328844.75
12889,2023520.1
12890,1276094.1
12891,139029.08
12892,454868.44
12893,386034.06
12894,1146931.0
12895,1195767.4
12896,319247.06
12897,392258.0
12898,174662.08
12899,665331.7
12900,1793096.4
12901,3038123.2
12902,624878.5
12903,631231.94
12904,312350.0
12905,447184.44
12906,2624988.8
12907,503857.2
12908,648241.3
12909,1074530.6
12910,632395.56
12911,1407290.1
12912,1371226.4
12913,916114.25
12914,524666.8
12915,1235877.8
12916,2250480.0
12917,996634.2
12918,876849.4
12919,515097.2
12920,353592.75
12921,810598.25
12922,215435.58
12923,1249262.8
12924,1624093.5
12925,1294312.1
12926,242455.27
12927,859768.1
12928,305135.7
12929,1107293.5
12930,2449815.0
12931,2125842.0
12932,677538.25
12933,1333350.8
12934,2486740.0
12935,1257748.9
12936,3034595.5
12937,722203.25
12938,1993605.9
12939,2286339.0
12940,237377.83
12941,368887.25
12942,1871395.0
12943,1968197.2
12944,562713.94
12945,1919351.2
12946,3204464.8
12947,592426.7
12948,208753.95
12949,1192857.1
12950,1976988.8
12951,919131.3
12952,236876.52
12953,385838.62
12954,637993.94
12955,561065.44
12956,451547.5
12957,1144025.0
12958,2841567.8
12959,2194109.0
12960,422142.7
12961,1142197.0
12962,260241.08
12963,1248517.9
12964,209044.39
12965,1144836.2
12966,870401.5
12967,1160555.5
12968,1101276.1
12969,121624.266
12970,335139.94
12971,232743.52
12972,419328.25
12973,1016691.0
12974,143383.95
12975,163360.52
12976,215441.27
12977,1401364.5
12978,1981237.6
12979,1983461.5
12980,303927.25
12981,532814.6
12982,585064.0
12983,1016936.6
12984,937066.9
12985,547300.06
12986,357886.75
12987,316272.12
12988,615960.7
12989,437243.38
12990,1307298.8
12991,1228545.2
12992,1503922.2
12993,920705.1
12994,1261208.8
12995,85361.83
12996,452952.5
12997,1269781.9
12998,647502.94
12999,1429042.2
13000,436651.8
13001,992067.4
13002,970697.1
13003,111456.08
13004,350491.75
13005,517098.25
13006,118690.2
13007,1456000.9
13008,2478008.2
13009,2312853.2
13010,1319763.9
13011,176175.7
13012,591566.8
13013,651260.6
13014,467499.25
13015,752103.2
13016,2538899.5
13017,933325.6
13018,652758.44
13019,815747.25
13020,415945.2
13021,329035.62
13022,139483.02
13023,1990587.4
13024,1839974.5
13025,1542381.2
13026,1123722.0
13027,1352186.9
13028,1600169.5
13029,1374916.4
13030,725608.06
13031,1133867.4
13032,501165.06
13033,669274.94
13034,373167.5
13035,936256.9
13036,940166.06
13037,884683.7
13038,986933.0
13039,475616.62
13040,525742.25
13041,119918.95
13042,2190803.0
13043,1196828.5
13044,4108644.5
13045,1888282.2
13046,1382900.9
13047,880284.44
13048,1417733.5
13049,1158405.0
13050,1853048.4
13051,126973.266
13052,1588851.8
13053,1205905.6
13054,892151.6
13055,377223.62
13056,904355.56
13057,1211006.6
13058,1039305.1
13059,208803.95
13060,240220.27
13061,728064.0
13062,1132360.0
13063,399045.7
13064,920229.2
13065,441561.75
13066,1889686.2
13067,1616249.1
13068,2163055.5
13069,1788509.5
13070,3231754.2
13071,521590.0
13072,459026.5
13073,1197915.5
13074,850253.56
13075,1589041.9
13076,919943.6
13077,567633.1
13078,438133.06
13079,174428.33
13080,403622.12
13081,1067426.6
13082,508363.5
13083,1910737.1
13084,672977.9
13085,892934.25
13086,1038533.94
13087,728547.1
13088,955417.0
13089,904012.6
13090,180240.95
13091,173369.2
13092,983646.1
13093,1431372.1
13094,1264403.8
13095,1616322.1
13096,1008025.9
13097,852624.6
13098,853048.5
13099,694506.75
13100,713271.94
13101,880423.1
13102,2736830.8
13103,666033.9
13104,534051.8
13105,1349183.9
13106,635459.56
13107,1658872.5
13108,247402.64
13109,1437554.0
13110,322839.56
13111,147482.33
13112,603251.56
13113,908310.25
13114,1798346.1
13115,1088565.9
13116,1823291.1
13117,2426008.8
13118,2076473.0
13119,1986946.0
13120,2267467.0
13121,1334214.8
13122,1494773.8
13123,858069.5
13124,1152592.2
13125,365500.56
13126,2345675.0
13127,579092.4
13128,2528962.8
13129,39165.64
13130,185680.02
13131,1624053.1
13132,649952.4
13133,598370.3
13134,1449550.1
13135,1521527.6
13136,199042.95
13137,1000649.94
13138,683065.2
13139,415404.06
13140,319289.38
13141,502120.7
13142,556244.1
13143,2383518.5
13144,451957.25
13145,1382973.1
13146,484581.3
13147,1319566.8
13148,555686.56
13149,477109.3
13150,395419.0
13151,2414198.2
13152,654527.6
13153,938907.1
13154,1529096.4
13155,494910.38
13156,1614574.6
13157,748639.4
13158,1094132.9
13159,1276720.0
13160,834534.94
13161,656045.8
13162,1244317.4
13163,830401.8
13164,1173026.0
13165,736727.75
13166,1419698.2
13167,2162048.5
13168,1614020.9
13169,1602143.2
13170,912537.4
13171,921742.0
13172,128008.33
13173,614487.56
13174,580900.0
13175,453581.88
13176,2276115.2
13177,928340.0
13178,678389.25
13179,765657.25
13180,518174.2
13181,2571100.5
13182,366511.7
13183,1507850.0
13184,545261.2
13185,1909347.6
13186,1172661.8
13187,1513262.1
13188,964404.8
13189,147643.64
13190,1252982.6
13191,703016.94
13192,527305.2
13193,400082.8
13194,450721.12
13195,1208427.1
13196,1213264.4
13197,1270693.1
13198,2131659.0
13199,1065410.8
13200,1829360.4
13201,1113151.2
13202,1986222.1
13203,169468.77
13204,1087587.6
13205,899689.8
13206,530164.06
13207,476367.7
13208,1897682.8
13209,276346.7
13210,844639.44
13211,2274964.0
13212,1636706.0
13213,1959350.0
13214,1133795.0
13215,1106811.9
13216,1101057.9
13217,870666.3
13218,1006291.4
13219,762210.3
13220,707569.94
13221,112749.14
13222,166194.45
13223,897420.94
13224,1821163.1
13225,380615.12
13226,738841.2
13227,247024.08
13228,2396672.2
13229,309830.38
13230,2069448.6
13231,2130663.5
13232,953989.56
13233,2125294.0
13234,369690.7
13235,899924.4
13236,1830639.9
13237,853775.0
13238,1443746.6
13239,1954419.5
13240,1555756.2
13241,3706071.5
13242,2342223.2
13243,832540.75
13244,228188.89
13245,1722044.5
13246,784984.3
13247,775898.6
13248,4132784.0
13249,1614020.9
13250,2469308.2
13251,741472.44
13252,1037542.06
13253,1424024.8
13254,1007325.9
13255,1418504.6
13256,2979631.5
13257,2222088.8
13258,330044.62
13259,1113436.8
13260,1034444.9
13261,2190033.2
13262,1394396.2
13263,1378947.2
13264,918047.25
13265,797527.06
13266,1021812.4
13267,612651.25
13268,433215.38
13269,240777.77
13270,675971.0
13271,316901.3
13272,1534215.8
13273,681232.0
13274,1068333.2
13275,1425451.4
13276,357858.06
13277,2009340.0
13278,190773.64
13279,661281.8
13280,1108193.9
13281,1695055.1
13282,2539945.2
13283,753682.6
13284,1894128.5
13285,429000.2
13286,894884.75
13287,642643.1
13288,1547935.6
13289,2399786.5
13290,690736.1
13291,621824.25
13292,1088132.6
13293,249202.33
13294,440776.38
13295,620322.94
13296,938695.4
13297,1552087.4
13298,550222.0
13299,321992.06
13300,483544.12
13301,1647571.4
13302,783218.3
13303,448388.8
13304,1143646.1
13305,1917727.9
13306,441864.88
13307,381974.12
13308,500297.8
13309,615853.2
13310,1441017.9
13311,832143.0
13312,228771.14
13313,477897.44
13314,627854.94
13315,1370149.1
13316,1219553.2
13317,2186984.8
13318,2218921.8
13319,874800.6
13320,70677.7
13321,217345.39
13322,370891.0
13323,1119103.0
13324,128587.45
13325,870639.56
13326,656210.94
13327,377417.7
13328,826383.1
13329,2368174.0
13330,554793.4
13331,2414800.2
13332,1149599.0
13333,917331.6
13334,1139977.5
13335,940161.2
13336,960112.56
13337,1402727.2
13338,1217151.0
13339,922793.3
13340,370696.06
13341,1160488.6
13342,503516.2
13343,2006571.2
13344,576504.8
13345,1059274.6
13346,165351.7
13347,898002.06
13348,1224622.5
13349,1284557.0
13350,117100.516
13351,2299853.5
13352,264152.06
13353,1999592.8
13354,88262.7
13355,1202292.2
13356,564460.25
13357,1460077.2
13358,408696.3
13359,762400.44
13360,281241.8
13361,2745686.5
13362,2383562.2
13363,998988.9
13364,666726.1
13365,866825.56
13366,900661.25
13367,1748428.1
13368,921448.56
13369,1438539.8
13370,1583267.4
13371,771893.25
13372,1045158.4
13373,612092.06
13374,457725.3
13375,1058602.2
13376,654527.6
13377,614626.7
13378,163045.33
13379,1772613.0
13380,774111.44
13381,545360.0
13382,540596.3
13383,288883.7
13384,1673221.9
13385,425251.0
13386,720449.06
13387,229434.2
13388,1985034.8
13389,1180928.6
13390,1066876.2
13391,167653.2
13392,417713.3
13393,2296114.8
13394,1564985.8
13395,247155.39
13396,845030.7
13397,1131720.4
13398,1638994.1
13399,1453351.1
13400,1568855.0
13401,1056262.4
13402,806223.75
13403,174916.27
13404,886853.25
13405,1171205.8
13406,212547.89
13407,1146640.4
13408,726162.0
13409,2445734.0
13410,1150625.8
13411,854220.4
13412,501706.3
13413,583905.6
13414,462612.5
13415,463047.7
13416,558555.06
13417,504007.12
13418,1011912.44
13419,711679.2
13420,972633.75
13421,509204.06
13422,209950.33
13423,1900083.2
13424,1144537.5
13425,488807.06
13426,1593010.9
13427,2255731.2
13428,3466165.5
13429,1636049.0
13430,1231010.5
13431,269507.56
13432,939449.8
13433,291370.5
13434,901048.3
13435,409565.2
13436,607844.8
13437,234013.27
13438,642357.6
13439,2310516.8
13440,1082114.9
13441,703356.7
13442,1040548.94
13443,630268.2
13444,722841.75
13445,1217598.2
13446,613002.7
13447,1704426.0
13448,329964.8
13449,953857.4
13450,682971.06
13451,362560.62
13452,1446163.9
13453,1846632.0
13454,1925703.0
13455,903649.0
13456,2436103.5
13457,1064490.4
13458,189569.77
13459,870917.1
13460,1561203.2
13461,901313.8
13462,965133.1
13463,739288.2
13464,111933.08
13465,428793.5
13466,451318.06
13467,403256.56
13468,366718.62
13469,663330.25
13470,104785.7
13471,2310254.2
13472,411672.3
13473,1520571.9
13474,251306.39
13475,549086.8
13476,2421895.8
13477,566308.2
13478,931171.4
13479,1080492.8
13480,1216019.6
13481,355993.7
13482,447868.94
13483,1989493.5
13484,1336580.1
13485,525614.7
13486,2002393.2
13487,2570652.8
13488,1057757.9
13489,634556.9
13490,813529.7
13491,438113.88
13492,227073.08
13493,671529.0
13494,4710141.5
13495,902821.06
13496,832784.06
13497,794925.25
13498,903537.6
13499,876668.94
13500,835807.6
13501,207813.27
13502,221472.2
13503,779625.0
13504,1095961.4
13505,831089.56
13506,1731099.5
13507,2117657.8
13508,1115470.2
13509,467432.88
13510,965042.3
13511,919655.6
13512,932381.2
13513,923725.56
13514,1838992.1
13515,2641349.2
13516,2235032.8
13517,247871.89
13518,1005480.4
13519,2075549.5
13520,1685513.8
13521,1034992.3
13522,289826.12
13523,358271.12
13524,1491719.9
13525,1554225.2
13526,986260.06
13527,502789.56
13528,734422.94
13529,1781762.6
13530,565108.3
13531,1637094.4
13532,964166.1
13533,547137.2
13534,1099383.8
13535,989090.9
13536,206929.45
13537,1142828.8
13538,1175657.4
13539,396852.62
13540,1543512.1
13541,923327.2
13542,363616.7
13543,531879.8
13544,1777602.4
13545,1416040.0
13546,926824.5
13547,514181.88
13548,610373.8
13549,1517940.2
13550,851947.94
13551,468185.3
13552,2239317.0
13553,1159206.6
13554,1057074.8
13555,661679.25
13556,724140.5
13557,304494.44
13558,1630759.0
13559,367346.0
13560,1446423.0
13561,456124.5
13562,254508.39
13563,1341416.5
13564,1614020.9
13565,1393666.6
13566,902445.5
13567,779949.56
13568,613136.4
13569,827784.4
13570,924202.94
13571,1304604.4
13572,2369769.2
13573,1596837.0
13574,372249.06
13575,1386065.6
13576,362391.44
13577,721957.0
13578,400233.12
13579,539290.7
13580,86029.89
13581,235227.58
13582,405225.8
13583,687198.1
13584,110571.33
13585,964758.25
13586,538025.0
13587,993395.0
13588,1423924.5
13589,1161401.4
13590,1045831.2
13591,613114.4
13592,965815.44
13593,570652.4
13594,1302457.1
13595,1102466.0
13596,1005448.94
13597,833908.9
13598,638458.56
13599,714365.75
13600,312314.75
13601,335849.25
13602,1000552.94
13603,809201.6
13604,1442423.5
13605,899983.7
13606,1043906.8
13607,564647.56
13608,1292189.6
13609,1316161.4
13610,1013545.25
13611,789402.2
13612,867556.3
13613,563575.7
13614,2194182.2
13615,1890010.8
13616,2091731.1
13617,1065841.5
13618,604584.2
13619,81230.95
13620,489460.7
13621,2000779.8
13622,804531.25
13623,1876196.1
13624,460403.75
13625,914043.7
13626,978378.5
13627,683540.9
13628,3758700.0
13629,1981523.2
13630,676788.8
13631,786135.25
13632,453535.75
13633,1587150.5
13634,1014587.8
13635,171669.45
13636,2468314.5
13637,741553.6
13638,2242617.2
13639,2163624.8
13640,431388.62
13641,1240661.6
13642,128470.33
13643,266555.7
13644,1971584.2
13645,1192800.0
13646,2571078.0
13647,784934.94
13648,704206.75
13649,559893.56
13650,484674.38
13651,405468.75
13652,1365708.9
13653,2004351.2
13654,3080742.5
13655,2004231.5
13656,714958.06
13657,519889.3
13658,215612.89
13659,2591205.8
13660,244698.52
13661,146152.64
13662,2231672.5
13663,896122.25
13664,949470.06
13665,1755760.2
13666,767573.6
13667,906435.3
13668,948166.4
13669,222473.39
13670,1216413.8
13671,1062670.0
13672,1429846.6
13673,758300.6
13674,1550815.1
13675,2310934.8
13676,2434006.0
13677,250265.39
13678,347919.2
13679,1047122.6
13680,1720821.0
13681,155404.39
13682,400440.3
13683,466804.2
13684,377227.25
13685,1419900.2
13686,1832858.5
13687,1506360.6
13688,2232449.2
13689,1273046.9
13690,537155.0
13691,334736.3
13692,1153952.0
13693,1102320.2
13694,1943042.1
13695,415364.2
13696,785660.94
13697,884341.25
13698,1890668.9
13699,1526289.5
13700,679448.5
13701,895878.5
13702,1809374.5
13703,655064.5
13704,251481.83
13705,911938.7
13706,579827.7
13707,1379273.5
13708,559324.3
13709,2080729.1
13710,1829941.1
13711,551325.9
13712,1949821.0
13713,1656126.0
13714,872178.3
13715,314982.94
13716,104859.58
13717,1957181.2
13718,616868.7
13719,538791.0
13720,1156960.2
13721,887342.44
13722,1903755.4
13723,540128.9
13724,106404.516
13725,627291.75
13726,1181874.1
13727,312484.75
13728,403957.75
13729,495975.75
13730,1385039.2
13731,576594.6
13732,476918.2
13733,3054724.5
13734,315538.44
13735,1403867.6
13736,2112699.0
13737,1266569.4
13738,905521.06
13739,164165.64
13740,132099.27
13741,4512020.5
13742,1355014.0
13743,1543617.6
13744,655300.4
13745,1469046.0
13746,1028909.7
13747,153597.27
13748,1289314.6
13749,1545689.9
13750,77066.58
13751,300792.8
13752,318988.8
13753,302911.12
13754,916159.7
13755,861909.56
13756,172454.77
13757,402362.56
13758,1302832.4
13759,405524.2
13760,624220.75
13761,868744.1
13762,1001690.44
13763,381023.12
13764,432493.06
13765,2013548.0
13766,340566.88
13767,584047.3
13768,965561.8
13769,1180856.0
13770,1254949.5
13771,416027.0
13772,949958.44
13773,1003661.44
13774,629076.6
13775,141783.33
13776,2810628.5
13777,292294.8
13778,1696619.2
13779,1689316.2
13780,682426.8
13781,2244060.5
13782,2047316.5
13783,678367.1
13784,1111701.0
13785,148328.45
13786,744046.3
13787,549047.5
13788,274798.7
13789,2781559.0
13790,4623480.0
13791,943827.4
13792,653705.94
13793,1103539.2
13794,1805092.4
13795,122325.95
13796,722162.5
13797,181225.2
13798,787656.44
13799,1441716.8
13800,1116667.8
13801,2447703.2
13802,1129292.9
13803,683925.56
13804,235783.39
13805,443099.38
13806,1236858.2
13807,581019.25
13808,879314.2
13809,874977.0
13810,1068773.5
13811,1013611.7
13812,216675.58
13813,1054480.2
13814,1635473.4
13815,1788910.0
13816,961721.44
13817,954491.2
13818,384129.2
13819,1675285.6
13820,1314688.8
13821,346162.12
13822,780661.75
13823,1258194.8
13824,58479.203
13825,566274.8
13826,308446.75
13827,122464.83
13828,637924.75
13829,556003.4
13830,1637813.6
13831,955179.4
13832,426372.25
13833,579013.5
13834,582718.94
13835,1170917.4
13836,1921108.4
13837,1548960.5
13838,636875.2
13839,602378.44
13840,92373.14
13841,828288.94
13842,201997.2
13843,570320.7
13844,1479508.6
13845,2330475.2
13846,2671510.2
13847,1355253.5
13848,692289.9
13849,661259.3
13850,675658.9
13851,-83940.484
13852,2040221.4
13853,618753.56
13854,2424704.8
13855,1003630.06
13856,1992123.8
13857,2442817.8
13858,328843.38
13859,1246503.1
13860,143043.33
13861,1314753.4
13862,2849024.0
13863,2898700.5
13864,624470.2
13865,901967.06
13866,1218035.5
13867,535264.44
13868,677774.9
13869,647403.6
13870,1603754.0
13871,488300.62
13872,619501.5
13873,316698.5
13874,490643.88
13875,1053650.4
13876,250270.7
13877,357979.8
13878,999774.06
13879,617811.9
13880,458174.56
13881,1408763.6
13882,715143.3
13883,239107.2
13884,2056488.5
13885,1727613.6
13886,2304081.8
13887,492749.88
13888,836178.7
13889,325562.38
13890,2469933.5
13891,156684.7
13892,565730.56
13893,1164259.4
13894,785404.44
13895,456456.3
13896,2391968.8
13897,1871345.2
13898,1984341.6
13899,920109.3
13900,332814.7
13901,1575439.5
13902,488895.12
13903,363499.5
13904,537932.75
13905,587716.1
13906,1751360.5
13907,2059806.8
13908,556987.44
13909,619579.25
13910,914775.9
13911,391586.88
13912,293861.5
13913,216006.27
13914,816024.56
13915,449532.38
13916,815607.2
13917,925942.25
13918,283544.94
13919,241150.58
13920,1436989.9
13921,332653.06
13922,1163911.8
13923,434751.12
13924,723863.4
13925,1084396.2
13926,1882732.1
13927,406599.0
13928,777067.8
13929,441284.75
13930,2460642.5
13931,1703178.1
13932,237349.2
13933,2683152.0
13934,1017571.25
13935,1222165.5
13936,343735.5
13937,862416.06
13938,995973.06
13939,641235.9
13940,603811.06
13941,304809.44
13942,367217.38
13943,310854.3
13944,1011440.94
13945,107478.33
13946,980664.2
13947,639501.7
13948,1530905.8
13949,1206331.1
13950,2209816.2
13951,953380.94
13952,308102.44
13953,509059.75
13954,770011.56
13955,829612.7
13956,474673.12
13957,635325.6
13958,460097.38
13959,2203209.5
13960,538301.94
13961,120262.14
13962,731526.4
13963,727636.94
13964,1348339.1
13965,726936.06
13966,1538628.8
13967,299265.3
13968,5315204.5
13969,1224775.4
13970,661286.8
13971,2163770.2
13972,4053454.5
13973,375697.2
13974,151165.7
13975,995773.6
13976,1761559.1
13977,873683.9
13978,2228455.2
13979,691063.25
13980,1087485.2
13981,376873.62
13982,1478795.4
13983,681001.0
13984,744014.2
13985,1312504.5
13986,345912.5
13987,423706.56
13988,1912520.8
13989,373735.3
13990,1129095.1
13991,1338278.6
13992,918092.06
13993,1921924.5
13994,636660.06
13995,520023.44
13996,1793677.0
13997,1819658.8
13998,238181.89
13999,1548906.4
14000,660239.06
14001,794985.06
14002,2071313.1
14003,2266950.5
14004,1058520.0
14005,577644.7
14006,705339.8
14007,1894521.0
14008,937957.7
14009,594175.5
14010,1857242.1
14011,469697.2
14012,389763.56
14013,815222.2
14014,1117121.8
14015,1079680.8
14016,1604287.6
14017,451864.06
14018,3560788.2
14019,1253065.4
14020,925003.75
14021,2528292.8
14022,616897.7
14023,1263202.6
14024,1527385.1
14025,551773.4
14026,1146184.5
14027,1179807.9
14028,1935833.0
14029,2453343.2
14030,2869827.0
14031,1396146.0
14032,354039.0
14033,601305.06
14034,347378.38
14035,982503.6
14036,603077.2
14037,1315021.1
14038,551281.56
14039,359243.75
14040,630268.56
14041,1070346.0
14042,3137445.8
14043,891480.4
14044,518119.56
14045,3666552.0
14046,530634.25
14047,1218918.1
14048,655305.25
14049,1290452.5
14050,835970.9
14051,589654.25
14052,663760.75
14053,438973.2
14054,3156033.5
14055,395926.44
14056,1304789.1
14057,628251.8
14058,989624.3
14059,1022097.94
14060,932833.94
14061,1710342.2
14062,323585.25
14063,2329432.8
14064,685205.25
14065,3171931.0
14066,2151860.2
14067,949207.9
14068,1048703.5
14069,1222888.8
14070,834438.44
14071,294213.3
14072,611806.75
14073,452697.44
14074,1953134.6
14075,591839.44
14076,1024690.94
14077,209664.77
14078,2232500.5
14079,2434155.2
14080,886826.3
14081,328001.94
14082,372790.44
14083,2936753.0
14084,1317434.5
14085,2194094.0
14086,859649.8
14087,3345943.8
14088,1634795.0
14089,422046.7
14090,1036230.2
14091,145031.77
14092,1062798.9
14093,977241.3
14094,2337076.2
14095,1247695.9
14096,2593799.2
14097,584174.2
14098,707119.8
14099,772257.7
14100,2079019.9
14101,1223013.8
14102,2664735.0
14103,1149281.5
14104,739224.3
14105,859268.9
14106,761300.75
14107,817606.1
14108,3308153.0
14109,1048215.8
14110,1702421.9
14111,2558916.8
14112,750640.9
14113,1103328.0
14114,914142.2
14115,1219719.9
14116,1293585.5
14117,662286.56
14118,849366.2
14119,682540.2
14120,677244.5
14121,228657.7
14122,192791.27
14123,1112272.1
14124,1513635.2
14125,786884.0
14126,266266.2
14127,383174.7
14128,3080998.2
14129,521921.56
14130,1730465.1
14131,1923545.5
14132,98637.58
14133,672553.7
14134,686529.4
14135,675099.2
14136,836800.0
14137,535751.94
14138,402946.5
14139,2687222.0
14140,1087996.4
14141,1341701.9
14142,1854746.0
14143,1894508.0
14144,1720491.6
14145,4284262.5
14146,803957.5
14147,834724.94
14148,1358367.4
14149,3831011.5
14150,232893.89
14151,319952.12
14152,976794.4
14153,798942.9
14154,1155616.6
14155,1457398.8
14156,688870.7
14157,400300.94
14158,1164468.6
14159,812214.5
14160,448617.62
14161,444700.56
14162,1089308.0
14163,1207913.1
14164,374147.38
14165,550671.4
14166,893706.94
14167,1629777.2
14168,678343.0
14169,1679790.1
14170,487463.38
14171,1477619.2
14172,1220689.1
14173,905408.5
14174,570560.94
14175,897619.75
14176,726842.75
14177,620807.94
14178,1714656.5
14179,1005970.44
14180,491161.06
14181,1647058.9
14182,2262891.5
14183,2999711.0
14184,1414517.6
14185,77292.95
14186,317961.0
14187,568025.5
14188,3726438.5
14189,1939140.8
14190,1150569.4
14191,1160157.1
14192,1319227.4
14193,1013745.0
14194,713742.94
14195,2047109.5
14196,529589.44
14197,941304.94
14198,1639730.4
14199,863984.2
14200,2744749.0
14201,1482418.9
14202,2091777.1
14203,2671091.8
14204,706834.75
14205,859605.94
14206,555814.2
14207,854599.44
14208,888936.5
14209,1720393.8
14210,166619.7
14211,78222.08
14212,208017.45
14213,643911.5
14214,343008.0
14215,1569275.1
14216,58651.703
14217,117162.516
14218,209796.2
14219,946270.2
14220,1574803.4
14221,846017.7
14222,852853.06
14223,1904120.1
14224,563259.9
14225,1221768.5
14226,996768.5
14227,2006221.9
14228,372495.88
14229,1676438.6
14230,457644.56
14231,1461995.0
14232,953173.94
14233,654551.8
14234,964267.1
14235,998117.8
14236,431761.62
14237,1383772.0
14238,720304.8
14239,1589387.6
14240,810774.75
14241,383487.94
14242,341331.8
14243,853675.44
14244,481634.38
14245,1168894.8
14246,886850.7
14247,2422572.5
14248,1657221.5
14249,1349645.4
14250,618326.4
14251,374939.8
14252,376829.25
14253,983642.94
14254,489029.44
14255,990555.5
14256,1472912.2
14257,852535.6
14258,1464155.0
14259,1106019.2
14260,518475.75
14261,1536741.8
14262,919962.3
14263,1638388.0
14264,842999.44
14265,653214.06
14266,145531.14
14267,820885.7
14268,553337.4
14269,809809.2
14270,1070580.8
14271,1977749.5
14272,1781485.5
14273,2032492.8
14274,994293.7
14275,1199991.2
14276,1451114.0
14277,456542.7
14278,1250761.4
14279,1254949.4
14280,1567788.1
14281,4403729.5
14282,1375240.0
14283,2280581.2
14284,1414209.9
14285,1220326.2
14286,899853.4
14287,626105.4
14288,2338324.2
14289,1473191.4
14290,1764099.6
14291,2325805.8
14292,1444452.1
14293,1367329.2
14294,1193550.9
14295,727471.9
14296,1160555.5
14297,2249514.0
14298,817857.9
14299,1254168.8
14300,647236.44
14301,642167.7
14302,1078923.2
14303,1732315.8
14304,2445610.8
14305,1202627.9
14306,1925274.4
14307,2489357.5
14308,2816260.0
14309,755854.06
14310,1758929.6
14311,991724.94
14312,1037654.1
14313,995382.7
14314,2596212.0
14315,1602467.1
14316,740797.5
14317,679330.6
14318,630684.25
14319,2825399.0
14320,1734983.2
14321,889634.8
14322,1020175.6
14323,850240.2
14324,249128.89
14325,1683204.0
14326,1371891.9
14327,782430.75
14328,129823.45
14329,400475.62
14330,1436039.5
14331,1390699.0
14332,613981.0
14333,1027929.3
14334,1341218.4
14335,1162148.1
14336,641550.9
14337,253104.08
14338,251505.27
14339,213585.89
14340,344111.8
14341,1616487.2
14342,647053.9
14343,535256.3
14344,826712.7
14345,361852.75
14346,120123.45
14347,530556.6
14348,471847.06
14349,981116.2
14350,198413.58
14351,2107918.2
14352,576627.8
14353,744064.0
14354,397252.7
14355,919647.6
14356,1421689.0
14357,604566.4
14358,449917.25
14359,1246322.6
14360,1630042.9
14361,1422654.6
14362,707013.44
14363,1459245.0
14364,2017515.6
14365,491150.44
14366,102848.266
14367,606631.9
14368,3717354.2
14369,646942.3
14370,1358242.9
14371,850128.7
14372,144341.39
14373,404141.3
14374,328166.06
14375,1655236.5
14376,466005.56
14377,3341494.0
14378,45306.766
14379,488626.3
14380,655896.1
14381,604118.3
14382,1322037.9
14383,1503530.0
14384,429721.94
14385,382686.88
14386,1543694.4
14387,610566.5
14388,1780726.9
14389,4688125.5
14390,1656533.2
14391,1274637.8
14392,84945.016
14393,2236003.8
14394,559661.8
14395,4519094.0
14396,2526617.2
14397,976204.5
14398,345727.12
14399,440697.62
14400,397237.88
14401,974674.0
14402,824580.8
14403,964932.25
14404,2291765.8
14405,675824.75
14406,804181.2
14407,608418.5
14408,351789.56
14409,1000192.25
14410,382536.0
14411,1852179.1
14412,1179569.0
14413,2167606.2
14414,1260705.2
14415,1874938.6
14416,826197.3
14417,792928.56
14418,919839.5
14419,764135.0
14420,218508.89
14421,685036.25
14422,322906.88
14423,465211.38
14424,1005428.6
14425,1003958.94
14426,1416702.4
14427,1331841.2
14428,786506.06
14429,953908.06
14430,1479914.6
14431,1619162.5
14432,951892.75
14433,1408678.2
14434,1573170.9
14435,283000.0
14436,1340147.2
14437,1249682.1
14438,3278489.0
14439,342277.44
14440,2638030.0
14441,2205855.0
14442,2421956.8
14443,1440613.0
14444,3625310.2
14445,679961.2
14446,191477.33
14447,295982.0
14448,712807.3
14449,884058.4
14450,1449964.5
14451,1257734.8
14452,3051428.0
14453,662120.9
14454,196469.33
14455,143240.14
14456,880240.75
14457,911807.2
14458,411652.06
14459,270840.8
14460,594142.2
14461,671965.2
14462,1739256.5
14463,1194276.2
14464,557885.06
14465,3555309.5
14466,171086.89
14467,1467478.8
14468,909918.75
14469,1936952.4
14470,802818.8
14471,1465125.6
14472,1040406.25
14473,348565.56
14474,620257.7
14475,1219373.5
14476,271991.94
14477,1621105.4
14478,889146.44
14479,122624.2
14480,217205.02
14481,1569449.2
14482,890008.7
14483,416464.2
14484,2611169.8
14485,472625.2
14486,411823.3
14487,1208065.0
14488,996042.7
14489,201250.27
14490,304283.44
14491,709190.2
14492,255128.08
14493,1475840.2
14494,2481870.0
14495,374804.56
14496,193737.58
14497,597151.1
14498,827250.06
14499,178592.2
14500,2807900.8
14501,1365298.4
14502,648857.44
14503,1061231.6
14504,296716.75
14505,758689.6
14506,1142072.5
14507,151827.33
14508,629210.0
14509,2013548.0
14510,922702.1
14511,2173221.0
14512,1926273.4
14513,1963336.9
14514,885982.1
14515,725101.7
14516,904759.7
14517,1113888.8
14518,627716.6
14519,1362676.1
14520,142968.64
14521,500268.75
14522,1136229.2
14523,334656.44
14524,593976.9
14525,927361.06
14526,2009379.4
14527,896163.7
14528,362121.38
14529,224271.95
14530,1281358.1
14531,682971.06
14532,965914.4
14533,418243.06
14534,517545.12
14535,1535255.5
14536,1898343.6
14537,428261.2
14538,730480.94
14539,497894.12
14540,631461.3
14541,848726.1
14542,1060592.5
14543,386016.5
14544,342402.5
14545,622502.06
14546,718768.4
14547,2257128.0
14548,819883.94
14549,930212.75
14550,1770329.6
14551,217657.33
14552,869980.2
14553,523469.2
14554,3116132.2
14555,1900349.2
14556,2386014.5
14557,978913.0
14558,782408.75
14559,698837.1
14560,302661.06
14561,487602.7
14562,498348.06
14563,781799.9
14564,631545.75
14565,66188.08
14566,379383.25
14567,2230574.0
14568,1682997.9
14569,291693.8
14570,1088430.9
14571,425210.44
14572,887964.0
14573,1094111.4
14574,1139296.0
14575,980488.5
14576,2366879.2
14577,1100470.8
14578,1064849.9
14579,821985.9
14580,2036238.5
14581,606899.7
14582,414622.06
14583,1403483.9
14584,168012.14
14585,1483283.6
14586,243995.7
14587,690917.75
14588,1675423.6
14589,646390.5
14590,763641.56
14591,1328251.4
14592,544689.0
14593,848226.6
14594,2305007.2
14595,880359.06
14596,424147.3
14597,619305.9
14598,325318.7
14599,1248589.6
14600,822316.94
14601,1446347.5
14602,482527.56
14603,907339.5
14604,1741209.0
14605,116861.2
14606,504247.0
14607,1624798.6
14608,511508.94
14609,1042323.5
14610,634717.75
14611,1026403.44
14612,1558339.8
14613,931355.9
14614,407541.06
14615,1285480.0
14616,573746.3
14617,542519.94
14618,1705885.6
14619,524030.5
14620,829663.4
14621,588924.56
14622,1488846.6
14623,793684.2
14624,1227648.8
14625,741297.06
14626,1231790.1
14627,544686.06
14628,115880.08
14629,2596487.8
14630,162439.95
14631,1858055.1
14632,555809.2
14633,2094896.6
14634,407119.5
14635,429761.0
14636,293249.75
14637,852683.3
14638,478865.06
14639,1519798.5
14640,965766.2
14641,1437599.1
14642,734302.5
14643,1075940.6
14644,1861192.0
14645,383895.0
14646,326770.94
14647,1392209.6
14648,528315.5
14649,1130284.4
14650,1399996.6
14651,683031.0
14652,132817.58
14653,1681513.8
14654,2328153.0
14655,269169.8
14656,1369906.4
14657,1198646.8
14658,1073674.4
14659,238335.95
14660,35187.766
14661,3053639.0
14662,125105.14
14663,266032.62
14664,2294396.0
14665,273469.5
14666,555035.06
14667,431330.06
14668,1195227.9
14669,1161401.4
14670,1977952.6
14671,1024892.94
14672,1169897.8
14673,1902260.1
14674,2698295.2
14675,798049.25
14676,2533850.8
14677,1468191.9
14678,732106.94
14679,800565.8
14680,1216108.2
14681,734248.5
14682,565466.25
14683,1631477.4
14684,2189319.5
14685,1393792.4
14686,1301944.9
14687,2137740.8
14688,883315.06
14689,2221583.0
14690,350908.5
14691,444217.7
14692,224724.2
14693,541678.44
14694,616731.44
14695,310435.8
14696,388404.06
14697,810261.1
14698,696881.0
14699,1005805.1
14700,2208114.0
14701,599804.8
14702,1112962.8
14703,1128905.6
14704,1335389.8
14705,748191.4
14706,1874874.1
14707,916094.7
14708,385994.94
14709,1559926.0
14710,551224.7
14711,3486209.5
14712,413305.94
14713,1720839.2
14714,1021326.25
14715,170619.89
14716,465596.3
14717,1079876.8
14718,1746803.2
14719,907214.1
14720,1659188.8
14721,883238.44
14722,2406428.5
14723,1709193.0
14724,2605689.8
14725,1144938.2
14726,1293448.8
14727,1022831.1
14728,504658.0
14729,1132780.8
14730,1280908.4
14731,1436422.0
14732,1183627.5
14733,873334.25
14734,1033809.9
14735,1704916.5
14736,584453.6
14737,2246476.0
14738,1031450.6
14739,1668318.4
14740,422987.75
14741,2273605.2
14742,1272588.8
14743,938226.8
14744,204903.14
14745,528200.06
14746,394202.56
14747,1007316.3
14748,748625.6
14749,540555.25
14750,838408.44
14751,100572.08
14752,540350.7
14753,1354402.9
14754,525716.94
14755,1860280.6
14756,1616302.6
14757,464872.06
14758,329320.25
14759,3572800.5
14760,1098506.8
14761,1476235.5
14762,446825.7
14763,2194763.5
14764,836086.75
14765,609555.06
14766,503706.7
14767,716262.9
14768,638670.06
14769,672926.06
14770,456108.44
14771,827053.3
14772,284555.2
14773,453659.38
14774,509615.3
14775,1298838.9
14776,414090.06
14777,119895.016
14778,1372396.9
14779,1752243.2
14780,2033742.2
14781,531731.8
14782,679132.0
14783,2069189.5
14784,1095548.6
14785,322557.25
14786,394782.12
14787,419616.94
14788,732645.2
14789,1085242.2
14790,2025358.1
14791,147844.08
14792,1729918.9
14793,2398603.5
14794,1437392.9
14795,1000084.94
14796,1502495.2
14797,542770.4
14798,562666.7
14799,844748.06
14800,656627.25
14801,82225.08
14802,507645.75
14803,1366718.4
14804,579022.94
14805,199854.83
14806,900991.3
14807,1200250.6
14808,1333730.6
14809,655783.56
14810,1637373.1
14811,257971.7
14812,967818.5
14813,2236204.0
14814,2883891.8
14815,911846.8
14816,655680.94
14817,579368.5
14818,3699878.0
14819,1518488.0
14820,2668356.5
14821,662176.9
14822,644708.06
14823,491156.8
14824,225436.83
14825,420509.8
14826,1018037.0
14827,2939275.2
14828,1163133.6
14829,923550.75
14830,835664.06
14831,1030564.7
14832,677875.3
14833,842092.2
14834,551884.0
14835,466287.06
14836,731442.56
14837,1267570.1
14838,1148626.1
14839,1410667.6
14840,1294911.2
14841,675621.44
14842,1216958.0
14843,982343.75
14844,864246.06
14845,1551484.5
14846,1467737.1
14847,1446314.4
14848,3766058.8
14849,402258.0
14850,1368334.1
14851,886851.1
14852,2287641.2
14853,635720.1
14854,1210155.2
14855,1412348.0
14856,364051.2
14857,875739.1
14858,788527.9
14859,515344.3
14860,453452.06
14861,1897780.2
14862,367899.3
14863,1370682.4
14864,597342.06
14865,315847.44
14866,723202.0
14867,1193937.9
14868,788798.2
14869,799551.44
14870,331043.88
14871,146317.45
14872,1522132.0
14873,970234.4
14874,282733.25
14875,229537.95
14876,706636.2
14877,407941.25
14878,674821.75
14879,621494.1
14880,1037234.06
14881,1996624.0
14882,716289.4
14883,256289.52
14884,233130.64
14885,224119.58
14886,939049.4
14887,2652317.2
14888,640743.44
14889,1577593.6
14890,630334.8
14891,1710939.5
14892,931394.1
14893,362325.56
14894,516883.25
14895,676042.6
14896,817979.9
14897,999850.6
14898,637359.75
14899,922926.06
14900,547579.56
14901,199852.39
14902,321733.8
14903,1159780.4
14904,529110.2
14905,94851.766
14906,799660.56
14907,497720.25
14908,320245.62
14909,1276133.0
14910,1523314.8
14911,627401.25
14912,1394706.5
14913,977994.25
14914,1054691.1
14915,1193594.0
14916,354820.75
14917,496736.88
14918,632395.56
14919,312185.7
14920,374989.88
14921,676550.5
14922,2175765.0
14923,792170.3
14924,4253158.5
14925,1917931.5
14926,588505.9
14927,2493134.8
14928,36049.766
14929,1543592.2
14930,2585945.0
14931,542789.3
14932,1205679.4
14933,574799.56
14934,2150692.5
14935,131375.02
14936,665705.7
14937,724552.1
14938,1524411.9
14939,1529330.5
14940,922793.3
14941,1495457.9
14942,1430043.2
14943,919310.7
14944,354301.7
14945,1672064.0
14946,584781.4
14947,451120.2
14948,478671.25
14949,822165.25
14950,426660.0
14951,1040461.2
14952,1058119.0
14953,2283369.0
14954,329307.8
14955,757406.06
14956,435052.12
14957,647933.9
14958,477251.06
14959,1807364.1
14960,1707261.5
14961,1368514.1
14962,982035.4
14963,574839.06
14964,1307899.2
14965,1913257.1
14966,529753.2
14967,337643.06
14968,1456279.4
14969,224034.39
14970,382383.62
14971,922929.7
14972,290083.5
14973,1236340.5
14974,945731.06
14975,1117352.9
14976,383458.94
14977,2220504.0
14978,986092.6
14979,2655708.2
14980,1031918.4
14981,2247300.2
14982,1290008.2
14983,1893619.6
14984,1145911.2
14985,1047417.3
14986,343724.44
14987,400353.3
14988,337791.06
14989,5022196.5
14990,1729926.9
14991,345129.94
14992,1072403.5
14993,1768570.5
14994,730563.4
14995,925714.44
14996,1114892.1
14997,1202524.0
14998,283103.75
14999,1503097.1
15000,1879813.9
15001,1847296.6
15002,272571.62
15003,1044803.6
15004,620147.94
15005,619501.5
15006,1920727.6
15007,736480.44
15008,402729.0
15009,854911.44
15010,407806.88
15011,1219914.2
15012,1854040.2
15013,429187.88
15014,340538.12
15015,98865.516
15016,825231.4
15017,411140.0
15018,929211.1
15019,3218725.8
15020,1890505.0
15021,1290305.6
15022,1548483.5
15023,514232.7
15024,1155234.6
15025,1772011.0
15026,575374.3
15027,161136.58
15028,1343648.8
15029,259034.02
15030,1175097.8
15031,2256010.5
15032,1157751.4
15033,301904.62
15034,1093773.0
15035,855888.4
15036,2110748.0
15037,1810366.0
15038,879130.25
15039,229702.89
15040,819232.8
15041,922793.3
15042,868226.25
15043,402975.94
15044,926427.4
15045,894255.5
15046,2588180.0
15047,205457.7
15048,964666.4
15049,382774.75
15050,1218454.1
15051,569104.8
15052,198687.39
15053,148017.27
15054,739875.7
15055,802379.25
15056,765665.0
15057,437780.5
15058,1203579.4
15059,522785.12
15060,520074.44
15061,134868.7
15062,454106.88
15063,677204.3
15064,1199991.2
15065,348995.5
15066,986516.75
15067,2600610.2
15068,905167.3
15069,1581249.8
15070,1155244.1
15071,2189497.0
15072,1411368.5
15073,1905302.8
15074,126383.39
15075,1513034.2
15076,2810269.5
15077,1276178.6
15078,1881279.1
15079,2447272.8
15080,613896.06
15081,369661.3
15082,4096365.5
15083,2063045.1
15084,1221732.5
15085,1658848.1
15086,704035.6
15087,213398.64
15088,1709284.2
15089,1056767.1
15090,975868.1
15091,516763.88
15092,974752.7
15093,755534.6
15094,2422765.0
15095,454609.56
15096,1296488.5
15097,1190802.5
15098,590505.94
15099,897420.94
15100,551666.56
15101,468629.3
15102,560467.94
15103,661178.3
15104,1390220.0
15105,3644132.8
15106,216711.52
15107,691433.94
15108,1275437.5
15109,1402818.1
15110,799848.94
15111,850042.56
15112,585977.2
15113,1239884.1
15114,714644.25
15115,642158.2
15116,1105720.8
15117,870379.25
15118,1020272.0
15119,1213783.5
15120,369080.06
15121,2275852.0
15122,1025769.5
15123,344469.75
15124,630479.4
15125,891080.56
15126,1045918.06
15127,876326.56
15128,566613.06
15129,801959.44
15130,1413677.8
15131,917063.1
15132,789668.06
15133,1094270.9
15134,1115580.0
15135,684441.56
15136,743238.9
15137,877830.2
15138,1282759.1
15139,857012.4
15140,764832.56
15141,346358.8
15142,559377.06
15143,892204.25
15144,255334.95
15145,952159.9
15146,518347.44
15147,881875.0
15148,367658.88
15149,1751400.8
15150,1059244.9
15151,82948.766
15152,296526.5
15153,1904885.1
15154,658339.75
15155,562146.25
15156,816463.1
15157,335283.0
15158,2782181.2
15159,1110864.0
15160,838122.94
15161,877257.75
15162,2170235.5
15163,2352143.8
15164,576937.25
15165,2333466.8
15166,1485402.5
15167,405705.62
15168,1396978.4
15169,232817.08
15170,1484526.2
15171,639940.25
15172,600803.5
15173,506169.56
15174,418286.5
15175,137262.95
15176,450149.56
15177,693496.8
15178,790818.1
15179,1045297.94
15180,1957832.4
15181,1050465.9
15182,192403.95
15183,863200.25
15184,918263.94
15185,1859395.8
15186,251822.14
15187,301541.75
15188,1637373.1
15189,219193.27
15190,900661.25
15191,1626051.2
15192,1578982.0
15193,116449.016
15194,2089015.8
15195,643496.56
15196,468357.5
15197,733178.94
15198,1332515.5
15199,480579.0
15200,1238365.9
15201,871340.0
15202,1136273.8
15203,366185.56
15204,423787.3
15205,409439.38
15206,467786.5
15207,-111912.484
15208,619924.9
15209,1807438.0
15210,1213507.6
15211,136059.58
15212,2287275.5
15213,1803108.6
15214,3908776.8
15215,1002513.25
15216,585168.44
15217,1260337.0
15218,641330.4
15219,945970.56
15220,526816.2
15221,1075053.0
15222,469158.75
15223,1044956.94
15224,1182661.9
15225,663720.94
15226,1688070.9
15227,1289129.5
15228,706060.0
15229,442065.12
15230,574640.06
15231,3254529.0
15232,744895.8
15233,715400.25
15234,664417.3
15235,714849.0
15236,1292660.2
15237,867970.7
15238,1117980.5
15239,235854.2
15240,379105.56
15241,1214515.2
15242,1942761.2
15243,737502.0
15244,1555387.8
15245,652491.44
15246,1749545.2
15247,2650262.8
15248,277324.88
15249,491440.38
15250,683856.7
15251,402660.06
15252,310409.56
15253,919821.2
15254,2438327.5
15255,1199922.4
15256,256242.77
15257,111609.7
15258,1066914.0
15259,3085452.8
15260,1386867.0
15261,1158816.4
15262,1024544.94
15263,635146.6
15264,388915.12
15265,662849.44
15266,3452460.5
15267,144787.27
15268,395011.75
15269,2011032.5
15270,288747.62
15271,1095303.9
15272,232438.83
15273,477224.06
15274,1899412.2
15275,1872811.6
15276,899890.6
15277,932087.5
15278,416559.3
15279,1815618.4
15280,671385.7
15281,1415634.5
15282,1986443.9
15283,258048.64
15284,1092516.0
15285,1868170.8
15286,2010769.0
15287,873788.44
15288,788452.75
15289,483929.75
15290,528714.94
15291,565422.94
15292,2761756.5
15293,1512191.1
15294,360092.25
15295,238816.27
15296,2430747.5
15297,4216116.0
15298,1961682.9
15299,727144.3
15300,645225.44
15301,3632753.2
15302,365319.12
15303,799782.5
15304,196969.95
15305,1802948.2
15306,807470.9
15307,933642.2
15308,801352.06
15309,1748555.8
15310,1016696.7
15311,1515857.4
15312,231430.33
15313,184810.08
15314,506807.7
15315,2370076.8
15316,547257.06
15317,940339.56
15318,211568.39
15319,4599032.0
15320,217793.77
15321,398074.0
15322,504009.75
15323,1147397.1
15324,1676765.0
15325,372697.5
15326,652906.6
15327,478701.0
15328,1219901.5
15329,855817.25
15330,398847.06
15331,1080788.8
15332,1639466.9
15333,924244.5
15334,1687187.2
15335,354007.06
15336,1953964.9
15337,454484.5
15338,997196.44
15339,794535.75
15340,1124482.1
15341,794906.94
15342,603405.06
15343,496852.7
15344,1640691.5
15345,491329.2
15346,1278073.2
15347,922602.1
15348,1127170.6
15349,2840299.2
15350,1953662.2
15351,1989305.8
15352,1950473.8
15353,1095682.2
15354,2199810.2
15355,785503.2
15356,1024520.9
15357,1356917.4
15358,259473.27
15359,1283600.4
15360,330125.62
15361,1858902.6
15362,166796.7
15363,3082992.5
15364,391935.7
15365,520394.25
15366,423296.0
15367,1085133.0
15368,436935.3
15369,641953.94
15370,1225220.4
15371,2173221.0
15372,944967.0
15373,1112002.5
15374,649072.56
15375,1519348.8
15376,1882050.9
15377,1293835.6
15378,2770332.0
15379,424345.44
15380,399447.7
15381,1250913.8
15382,841046.9
15383,635661.5
15384,1567045.2
15385,1286916.0
15386,1723975.0
15387,834735.0
15388,1130544.5
15389,2099961.2
15390,133038.77
15391,2554175.8
15392,2586679.5
15393,910594.4
15394,383362.5
15395,2111264.2
15396,1755614.4
15397,2530346.5
15398,565998.5
15399,616359.9
15400,859136.56
15401,1982601.5
15402,258465.7
15403,2009126.6
15404,881274.4
15405,1065351.6
15406,1954976.2
15407,1234172.2
15408,1074702.6
15409,659541.6
15410,2031403.1
15411,987125.6
15412,914324.7
15413,455864.7
15414,544527.2
15415,1560662.5
15416,1050177.4
15417,1293491.8
15418,420789.38
15419,2594919.0
15420,85502.39
15421,889667.44
15422,1408737.0
15423,869636.4
15424,767543.3
15425,117526.016
15426,771120.44
15427,1267999.2
15428,1311457.4
15429,1668769.9
15430,3105643.8
15431,276332.88
15432,293451.25
15433,943222.8
15434,366193.5
15435,2312807.8
15436,647688.7
15437,4528291.0
15438,788319.1
15439,900682.5
15440,2245556.5
15441,918184.2
15442,783275.1
15443,919008.8
15444,516491.44
15445,678771.1
15446,382527.2
15447,980560.4
15448,913854.6
15449,1659219.4
15450,1335924.9
15451,2387515.0
15452,1189768.1
15453,659215.94
15454,605513.3
15455,1224934.1
15456,1761170.1
15457,1053155.6
15458,714900.25
15459,246557.95
15460,1400705.8
15461,507943.38
15462,4262414.0
15463,1681586.8
15464,3533613.5
15465,3097304.0
15466,225451.58
15467,417860.7
15468,647256.3
15469,470417.38
15470,530692.5
15471,566468.2
15472,673935.8
15473,1470480.6
15474,409385.12
15475,268226.25
15476,1568852.4
15477,3069448.5
15478,725561.8
15479,611484.5
15480,123759.83
15481,1126450.5
15482,306022.0
15483,1019231.44
15484,606486.3
15485,535564.8
15486,376531.12
15487,1262160.1
15488,257045.7
15489,1523400.2
15490,497531.88
15491,1948396.8
15492,430033.94
15493,1780158.5
15494,1669655.6
15495,759430.6
15496,389518.5
15497,1440582.2
15498,315191.94
15499,1757063.1
15500,1615716.1
15501,540556.56
15502,757897.4
15503,238197.7
15504,292284.06
15505,728520.8
15506,1532334.8
15507,1174290.2
15508,169966.7
15509,1622436.2
15510,1689554.4
15511,825013.75
15512,589225.5
15513,169378.2
15514,708043.2
15515,933927.1
15516,282539.3
15517,779305.75
15518,2763404.2
15519,2473290.0
15520,195663.58
15521,787496.94
15522,1377356.5
15523,724172.9
15524,567962.7
15525,1494077.8
15526,654217.25
15527,854599.44
15528,472935.7
15529,523749.2
15530,556837.6
15531,230301.45
15532,2473687.5
15533,1063107.1
15534,348107.94
15535,628158.0
15536,1310204.4
15537,1280977.1
15538,948583.4
15539,2070928.1
15540,277221.56
15541,1302358.1
15542,197117.95
15543,675662.9
15544,1291400.5
15545,301136.06
15546,1024754.94
15547,1309492.9
15548,338668.56
15549,1061230.2
15550,414779.62
15551,899228.75
15552,607529.75
15553,716864.1
15554,1194862.9
15555,653819.5
15556,600866.6
15557,2394176.5
15558,1088636.6
15559,1067587.6
15560,623418.44
15561,1802495.8
15562,650493.2
15563,65186.64
15564,925646.8
15565,2358552.8
15566,856355.7
15567,1566527.9
15568,1271582.0
15569,657581.06
15570,2694170.8
15571,503369.88
15572,2428805.8
15573,1008110.75
15574,1486088.0
15575,3042492.8
15576,2561638.0
15577,1689048.0
15578,839383.7
15579,1713622.8
15580,2403153.8
15581,1577681.6
15582,1430516.5
15583,1708887.9
15584,427440.12
15585,268794.12
15586,264219.62
15587,1411430.8
15588,1744271.8
15589,1084527.6
15590,2445078.0
15591,777736.6
15592,1385737.9
15593,1648526.2
15594,2677000.5
15595,1566932.6
15596,246498.27
15597,576149.44
15598,362781.25
15599,193255.45
15600,694734.2
15601,269159.0
15602,2234157.8
15603,113609.266
15604,916802.9
15605,1900732.5
15606,1851567.4
15607,667354.4
15608,802705.8
15609,2147674.0
15610,800931.5
15611,326753.06
15612,698428.7
15613,1759709.8
15614,851470.5
15615,2451403.5
15616,234556.77
15617,838801.56
15618,4920112.0
15619,397494.88
15620,790626.06
15621,1384866.1
15622,915260.8
15623,911828.06
15624,456603.7
15625,1014194.8
15626,250480.2
15627,538391.25
15628,2147760.2
15629,335015.88
15630,852927.06
15631,714496.1
15632,252100.7
15633,2836198.5
15634,477419.56
15635,587387.5
15636,2524833.8
15637,313775.38
15638,1041856.3
15639,391666.25
15640,437737.2
15641,2400400.0
15642,1388975.1
15643,1413677.8
15644,266360.12
15645,890255.94
15646,601766.5
15647,1863475.0
15648,750132.56
15649,2487116.5
15650,898760.1
15651,1848241.2
15652,944097.9
15653,101543.95
15654,1989566.6
15655,1977979.9
15656,1548374.5
15657,1240465.4
15658,1356260.8
15659,936398.56
15660,1130406.1
15661,177136.7
15662,464969.2
15663,412024.75
15664,1264635.2
15665,1064022.1
15666,2076581.2
15667,377935.94
15668,183081.33
15669,431144.88
15670,439610.5
15671,2566340.2
15672,790796.4
15673,782250.75
15674,1902379.1
15675,2922678.8
15676,402870.38
15677,828206.8
15678,118983.14
15679,1041061.0
15680,1325635.4
15681,1302423.9
15682,1184382.6
15683,893332.3
15684,420772.7
15685,2384000.5
15686,406495.12
15687,925078.3
15688,2080378.6
15689,385935.5
15690,288756.62
15691,1732446.9
15692,1902962.2
15693,1125100.0
15694,586819.1
15695,1009309.3
15696,3126333.8
15697,1059271.0
15698,914753.4
15699,1710860.1
15700,1257818.2
15701,425375.25
15702,348982.3
15703,3065187.0
15704,958673.5
15705,1412076.6
15706,932980.44
15707,2846797.5
15708,602544.0
15709,1874193.5
15710,323065.12
15711,1007817.9
15712,462848.5
15713,464062.75
15714,1024346.8
15715,602696.94
15716,2269790.8
15717,329790.88
15718,1334353.6
15719,401688.0
15720,839645.2
15721,3352346.5
15722,658680.3
15723,605138.4
15724,733673.56
15725,1356488.8
15726,214473.45
15727,2289788.2
15728,1704759.4
15729,370333.94
15730,1226612.6
15731,1182638.1
15732,504721.5
15733,2204529.8
15734,969637.1
15735,666362.25
15736,1719810.2
15737,2230758.2
15738,746806.4
15739,1194442.2
15740,384068.88
15741,204292.33
15742,514015.88
15743,869255.44
15744,640147.3
15745,1368537.2
15746,904347.06
15747,4245469.0
15748,1127199.9
15749,618786.8
15750,687699.25
15751,785945.56
15752,2963979.5
15753,301645.25
15754,1821003.4
15755,361688.38
15756,1635863.9
15757,999905.8
15758,667631.6
15759,165566.33
15760,875057.06
15761,1515630.8
15762,726881.94
15763,2101097.2
15764,2324433.0
15765,1419651.6
15766,432239.2
15767,2043146.4
15768,355712.8
15769,1345530.5
15770,911189.44
15771,2845126.8
15772,2166130.2
15773,800789.94
15774,1555441.8
15775,949056.3
15776,943747.1
15777,604918.5
15778,892811.5
15779,1139527.2
15780,912208.9
15781,4763169.0
15782,1269708.5
15783,4696980.5
15784,4318906.0
15785,799507.6
15786,1243078.0
15787,1213674.1
15788,937708.3
15789,2343082.5
15790,931726.9
15791,253050.45
15792,931181.06
15793,1432169.4
15794,1564941.4
15795,4355876.0
15796,5077703.5
15797,1063421.9
15798,134569.58
15799,424311.44
15800,791375.94
15801,721988.7
15802,694441.6
15803,901838.56
15804,1184956.8
15805,1551555.0
15806,83984.08
15807,290431.12
15808,1160998.1
15809,1182695.0
15810,801032.4
15811,896768.75
15812,2417981.0
15813,849602.44
15814,662328.3
15815,506008.75
15816,1257688.5
15817,609699.6
15818,753345.4
15819,376305.5
15820,563134.8
15821,383211.88
15822,653585.56
15823,1652022.2
15824,666395.0
15825,431264.3
15826,275629.62
15827,3691132.8
15828,3075272.0
15829,778935.25
15830,850335.0
15831,387640.75
15832,1062904.0
15833,992737.6
15834,486241.7
15835,1294195.1
15836,480081.62
15837,3707585.0
15838,2937297.2
15839,381537.25
15840,1508327.1
15841,2072946.0
15842,1155306.4
15843,1165759.0
15844,1271903.9
15845,2376314.0
15846,2379459.2
15847,509767.88
15848,868262.1
15849,2095256.6
15850,587475.2
15851,524197.2
15852,320911.75
15853,1348034.9
15854,831651.25
15855,2257787.5
15856,1332471.5
15857,949082.2
15858,238696.2
15859,232759.33
15860,906435.3
15861,813079.2
15862,1622096.0
15863,1646930.0
15864,633850.3
15865,3428248.2
15866,2096996.4
15867,619768.9
15868,1218683.1
15869,718605.75
15870,122377.7
15871,799103.3
15872,1620213.5
15873,200843.89
15874,630388.0
15875,324960.88
15876,831306.94
15877,943671.1
15878,1668344.6
15879,1329952.2
15880,486274.94
15881,1656097.2
15882,583475.2
15883,440899.7
15884,3687493.2
15885,535804.2
15886,531731.8
15887,385187.12
15888,654059.94
15889,637513.9
15890,582080.25
15891,1477566.1
15892,800440.75
15893,1066135.8
15894,763463.44
15895,853580.2
15896,954406.06
15897,423024.38
15898,840195.2
15899,2006709.6
15900,687344.75
15901,1110246.6
15902,212018.83
15903,842695.25
15904,520118.94
15905,592495.44
15906,803407.5
15907,2656996.0
15908,856232.75
15909,2563927.0
15910,2397823.0
15911,714055.06
15912,1598391.0
15913,1731642.6
15914,2037442.9
15915,800067.25
15916,546262.4
15917,1648386.5
15918,352252.38
15919,628413.4
15920,654466.06
15921,723144.9
15922,2707429.0
15923,695741.9
15924,924540.56
15925,907299.56
15926,1393069.0
15927,604030.2
15928,783284.7
15929,612376.25
15930,1815919.8
15931,995621.75
15932,1098991.5
15933,510761.38
15934,688474.0
15935,1232960.8
15936,368533.8
15937,381685.38
15938,632627.6
15939,2831915.0
15940,1338122.9
15941,1854819.9
15942,1282731.2
15943,770447.3
15944,129056.83
15945,459285.06
15946,1906092.5
15947,1674128.2
15948,889783.44
15949,603860.44
15950,908195.56
15951,565746.56
15952,2482047.2
15953,388154.75
15954,2833880.5
15955,916564.6
15956,903188.3
15957,894865.25
15958,169151.95
15959,2045642.9
15960,918171.3
15961,1271329.2
15962,894366.56
15963,954698.9
15964,1496525.0
15965,1044747.25
15966,1167822.5
15967,116682.7
15968,825331.06
15969,696496.0
15970,234713.95
15971,2065306.4
15972,756723.8
15973,894175.3
15974,432475.44
15975,1898962.6
15976,1435952.1
15977,913219.0
15978,158127.2
15979,2335756.5
15980,1090022.1
15981,742624.06
15982,632537.1
15983,1181338.9
15984,1947030.5
15985,656674.25
15986,2512460.8
15987,554600.44
15988,978820.44
15989,181893.08
15990,1985034.8
15991,117136.83
15992,1617337.1
15993,1431249.4
15994,561051.7
15995,1104799.0
15996,1412345.1
15997,892593.6
15998,1657848.0
15999,2447591.2
16000,421319.7
16001,2430560.2
16002,1877468.0
16003,865503.1
16004,1215258.0
16005,510594.3
16006,883550.2
16007,756550.9
16008,1020008.3
16009,750215.7
16010,435123.3
16011,799870.6
16012,1199041.5
16013,317679.94
16014,1589568.6
16015,416647.3
16016,1663366.6
16017,962416.9
16018,468072.7
16019,249895.64
16020,1967854.0
16021,2038420.2
16022,645172.5
16023,431880.38
16024,2153287.8
16025,920423.2
16026,558747.56
16027,307217.0
16028,1976671.2
16029,380234.06
16030,748112.0
16031,965598.44
16032,1684194.2
16033,972982.0
16034,1019422.1
16035,313618.06
16036,1051243.8
16037,1732087.5
16038,236508.33
16039,1006168.06
16040,1660421.1
16041,985084.0
16042,483294.8
16043,1729050.0
16044,2590424.2
16045,1635680.2
16046,1594643.4
16047,1317828.1
16048,499255.5
16049,3277556.0
16050,427964.5
16051,1305313.9
16052,1225033.5
16053,1069274.9
16054,699416.75
16055,1065340.5
16056,1745564.8
16057,838206.4
16058,1723197.9
16059,674516.25
16060,1818072.8
16061,1128614.6
16062,557981.06
16063,501736.25
16064,418912.06
16065,3682704.5
16066,727471.9
16067,652198.5
16068,393359.8
16069,222615.08
16070,622480.94
16071,1167471.2
16072,947543.0
16073,951689.5
16074,632868.6
16075,1209115.2
16076,350658.0
16077,1481344.0
16078,1600341.2
16079,138941.64
16080,372148.2
16081,1710004.1
16082,585782.94
16083,1354400.2
16084,2328534.2
16085,915108.6
16086,700471.25
16087,1085242.2
16088,1596880.1
16089,1614866.2
16090,1000574.7
16091,3746671.8
16092,428339.62
16093,1003657.56
16094,744505.44
16095,1610292.0
16096,1816154.1
16097,1847115.5
16098,1416985.6
16099,678440.0
16100,840012.5
16101,234030.58
16102,1492281.8
16103,711053.5
16104,926640.25
16105,505472.2
16106,293102.3
16107,658023.5
16108,863945.2
16109,1131080.4
16110,823976.9
16111,530199.9
16112,376246.12
16113,1874612.5
16114,164519.58
16115,208581.89
16116,805227.44
16117,1559760.0
16118,783381.06
16119,841005.44
16120,1093937.8
16121,2051118.0
16122,1429689.9
16123,2048382.2
16124,679392.3
16125,351473.44
16126,888879.0
16127,714882.9
16128,1833155.1
16129,1781862.9
16130,959159.06
16131,658305.44
16132,873108.94
16133,355412.75
16134,730563.4
16135,894671.9
16136,695711.44
16137,1920881.4
16138,669964.6
16139,1222695.1
16140,1861335.6
16141,1109371.4
16142,704936.1
16143,832035.6
16144,1074530.6
16145,1380265.6
16146,658241.7
16147,4324522.5
16148,419141.3
16149,2507778.2
16150,544479.25
16151,2899051.8
16152,1185367.6
16153,300627.56
16154,2595784.5
16155,1233886.0
16156,2247660.8
16157,1837441.0
16158,1500601.0
16159,745966.8
16160,359948.38
16161,604517.0
16162,1313961.9
16163,144067.27
16164,629939.3
16165,925647.2
16166,2450036.5
16167,1474125.2
16168,1050096.0
16169,897861.25
16170,1604918.4
16171,547581.2
16172,993184.44
16173,1744741.9
16174,2220660.8
16175,1070355.5
16176,2020206.8
16177,726284.4
16178,1156960.2
16179,621549.6
16180,1298813.8
16181,582805.6
16182,1450184.8
16183,301346.12
16184,236884.08
16185,1579512.2
16186,4221944.5
16187,270407.75
16188,2021943.6
16189,675263.25
16190,589988.44
16191,430264.94
16192,1182978.5
16193,674449.56
16194,793034.5
16195,625139.06
16196,1709338.8
16197,379054.06
16198,277481.38
16199,1933444.4
16200,530806.56
16201,743862.94
16202,884278.9
16203,488021.75
16204,694862.75
16205,275155.25
16206,1713260.0
16207,1176537.4
16208,949200.56
16209,338271.38
16210,964408.4
16211,924567.94
16212,1207557.8
16213,1557016.5
16214,277024.0
16215,1278372.9
16216,499501.7
16217,2629488.0
16218,628628.56
16219,504375.88
16220,204038.39
16221,1271304.9
16222,607436.94
16223,2047805.8
16224,437845.88
16225,641399.3
16226,2168884.0
16227,375219.88
16228,388988.38
16229,2080304.2
16230,988726.94
16231,937862.1
16232,186778.39
16233,877525.1
16234,823098.94
16235,206332.58
16236,1366923.8
16237,1714604.1
16238,1706824.0
16239,475458.75
16240,885842.0
16241,671465.0
16242,2093624.2
16243,2100435.8
16244,529991.8
16245,1112834.6
16246,836289.56
16247,1456345.9
16248,237549.64
16249,3525455.8
16250,746426.6
16251,716959.3
16252,366028.38
16253,1028874.0
16254,3694713.0
16255,1047771.8
16256,495774.62
16257,604558.4
16258,979410.44
16259,990218.7
16260,655044.2
16261,2619115.2
16262,764832.75
16263,1145286.8
16264,1536245.2
16265,654059.94
16266,2432890.2
16267,981723.3
16268,3100648.0
16269,981100.9
16270,2020537.9
16271,503430.0
16272,344777.62
16273,103343.45
16274,717242.06
16275,537423.44
16276,1131751.0
16277,428550.38
16278,1581660.8
16279,1068653.8
16280,851914.6
16281,624331.1
16282,1034889.8
16283,1034574.9
16284,3511754.0
16285,816689.8
16286,1099647.4
16287,1077715.2
16288,2261780.5
16289,1470931.5
16290,824034.4
16291,666251.5
16292,354168.8
16293,2089577.1
16294,205228.39
16295,1025376.94
16296,238499.27
16297,553217.56
16298,1638814.6
16299,450940.12
16300,1903403.0
16301,624056.94
16302,1208268.2
16303,2519577.2
16304,1050878.2
16305,425616.88
16306,2858207.5
16307,1001356.4
16308,475018.8
16309,1363549.1
16310,1698474.1
16311,1263228.0
16312,629471.0
16313,1383966.9
16314,656903.44
16315,905951.56
16316,1364985.4
16317,346581.12
16318,1864744.4
16319,720941.4
16320,1305794.4
16321,346474.88
16322,579802.9
16323,1394796.6
16324,1640283.5
16325,826392.44
16326,416452.3
16327,1435397.1
16328,1466696.9
16329,610467.56
16330,1182029.6
16331,2434517.2
16332,4239710.5
16333,1100074.5
16334,943747.1
16335,1550891.9
16336,624214.8
16337,1664514.4
16338,453591.25
16339,998647.8
16340,200285.33
16341,1679082.8
16342,549264.3
16343,2152511.8
16344,636660.06
16345,4355381.5
16346,383191.56
16347,2204900.5
16348,841102.2
16349,1051279.4
16350,248602.27
16351,734071.6
16352,538391.25
16353,652434.06
16354,1018871.0
16355,1061737.4
16356,2759547.5
16357,179325.64
16358,1148732.2
16359,1473223.5
16360,2006789.4
16361,1538411.0
16362,258825.7
16363,298230.0
16364,595417.5
16365,335710.25
16366,2185792.5
16367,1198886.6
16368,1550761.2
16369,1142072.5
16370,1596107.2
16371,1614526.8
16372,2549138.2
16373,462056.2
16374,254382.64
16375,403779.62
16376,1450181.2
16377,1675022.8
16378,1561350.2
16379,2631247.5
16380,340845.94
16381,343345.3
16382,1613809.9
16383,517252.62
16384,2968680.5
16385,1825441.2
16386,1583794.1
16387,1105720.8
16388,326701.3
16389,963344.2
16390,1505777.9
16391,471347.94
16392,2086195.6
16393,3105266.5
16394,1327715.6
16395,2077282.6
16396,2452266.2
16397,920039.7
16398,753567.2
16399,209951.45
16400,2455781.0
16401,640668.44
16402,937648.25
16403,333920.5
16404,581078.6
16405,678013.5
16406,223855.27
16407,953300.94
16408,1128337.5
16409,3157245.2
16410,705693.56
16411,2432969.2
16412,138720.64
16413,2232569.5
16414,1062981.6
16415,276946.5
16416,776000.0
16417,4194205.0
16418,833756.44
16419,946091.5
16420,1328587.9
16421,1397030.6
16422,1125195.5
16423,624524.06
16424,898274.4
16425,79081.95
16426,876373.44
16427,680081.2
16428,884204.2
16429,1459573.6
16430,222181.27
16431,1430208.2
16432,845454.25
16433,682096.3
16434,751723.1
16435,2460671.8
16436,1055754.0
16437,1954077.6
16438,1418182.2
16439,934276.9
16440,129345.7
16441,398631.5
16442,200932.77
16443,871525.8
16444,634029.7
16445,269915.12
16446,309072.06
16447,278970.38
16448,778561.44
16449,926518.06
16450,791260.7
16451,996706.44
16452,571433.7
16453,400299.3
16454,394530.62
16455,1512079.4
16456,804830.5
16457,413497.0
16458,435041.38
16459,1424024.8
16460,328478.5
16461,1225659.9
16462,440130.25
16463,1187564.8
16464,1006889.06
16465,128474.7
16466,826609.6
16467,1635495.6
16468,4335733.0
16469,268504.12
16470,2591563.0
16471,558788.2
16472,85754.45
16473,919730.3
16474,672687.7
16475,656890.5
16476,425451.38
16477,1533847.2
16478,974649.1
16479,1681505.8
16480,950355.0
16481,2345074.5
16482,486156.5
16483,500304.94
16484,630121.0
16485,620133.94
16486,486485.44
16487,261851.14
16488,623106.7
16489,1018768.44
16490,706787.2
16491,1426645.0
16492,2931006.0
16493,676151.25
16494,2123173.0
16495,458057.75
16496,1050128.6
16497,854809.8
16498,373864.2
16499,356034.8
16500,467179.06
16501,1366951.0
16502,768499.94
16503,1393470.6
16504,161374.64
16505,302288.44
16506,344287.0
16507,1037674.8
16508,651800.2
16509,917331.6
16510,444102.0
16511,397829.25
16512,1701379.4
16513,2425112.5
16514,888958.06
16515,1145616.1
16516,916057.44
16517,494130.38
16518,881964.1
16519,676916.0
16520,597713.8
16521,981282.7
16522,1325744.8
16523,1451029.8
16524,203440.39
16525,1282778.2
16526,1915448.5
16527,1122079.9
16528,533440.2
16529,803072.0
16530,695852.06
16531,905315.2
16532,551065.2
16533,472857.12
16534,1817275.9
16535,1114052.8
16536,1338830.2
16537,871512.44
16538,591913.9
16539,1608366.0
16540,1425125.0
16541,3028007.2
16542,1485833.1
16543,993361.25
16544,556786.1
16545,724582.4
16546,853577.6
16547,2061175.4
16548,896810.2
16549,865439.6
16550,1185888.1
16551,3028662.8
16552,1640317.2
16553,675827.44
16554,446954.3
16555,923219.8
16556,909967.7
16557,493745.56
16558,551432.2
16559,290241.62
16560,868434.06
16561,139946.77
16562,680255.6
16563,982299.8
16564,3027175.2
16565,1314653.2
16566,858379.75
16567,738635.2
16568,1106476.6
16569,1891468.1
16570,904261.6
16571,975005.6
16572,493117.0
16573,1615716.1
16574,1480442.5
16575,172960.14
16576,428548.62
16577,2099388.5
16578,248528.58
16579,1388267.5
16580,313353.3
16581,344965.88
16582,392492.38
16583,775737.0
16584,2303215.2
16585,1772008.1
16586,1985987.9
16587,243911.52
16588,857514.94
16589,1104828.9
16590,1226562.8
16591,940379.94
16592,1855212.1
16593,745780.5
16594,1256751.1
16595,548144.7
16596,440719.5
16597,1578327.1
16598,1789378.8
16599,1283486.4
16600,1110743.4
16601,1155257.2
16602,872918.8
16603,534981.06
16604,1587308.0
16605,518691.44
16606,2136543.2
16607,116881.266
16608,885164.1
16609,2681127.8
16610,2322844.5
16611,778921.0
16612,314294.88
16613,384844.3
16614,1155511.9
16615,690563.2
